ticker,industryEn,loanDeposit,badLoanGrossLoan,badLoanAsset,provisionBadLoan,financialHealth,netDebtEquity,currentRatio,quickRatio,interestCoverage,netDebtEBITDA
A32,,,,,,3.4,4,4,4,3,3
AAA,,,,,,3.7,4,4,4,3,4
AAM,,,,,,3.4,4,3,3,3,3
AAS,,1,2,3,2,4.1,4,5,5,4,4
AAT,,,,,,3.4,4,4,4,3,3
AAV,,,,,,3.6,4,4,4,3,4
ABB,,2,3,4,3,3.0,,,,,
ABC,,,,,,4.3,4,4,5,4,4
ABI,,,,,,3.6,5,3,4,1,5
ABR,,,,,,3.5,4,4,4,3,3
ABS,,,,,,3.4,4,4,4,3,3
ABT,,,,,,3.4,4,3,3,3,3
ACB,,2,3,4,3,3.0,,,,,
ACC,,,,,,3.0,4,3,3,2,3
ACE,,,,,,3.0,4,3,3,2,3
ACG,,,,,,3.2,3,3,3,3,3
ACL,,,,,,3.4,4,3,3,3,3
ACM,,,,,,3.2,3,3,3,3,3
ACS,,,,,,3.0,4,3,3,2,3
ACV,,,,,,3.5,4,4,4,3,3
ADC,,,,,,3.7,5,4,4,3,3
ADG,,,,,,3.7,5,4,4,3,3
ADP,,,,,,3.0,4,3,3,2,3
ADS,,,,,,3.4,4,4,4,3,3
AFX,,,,,,3.4,4,4,4,3,3
AG1,,,,,,3.4,4,4,4,3,3
AGE,,,,,,3.5,4,4,4,3,3
AGF,,,,,,3.4,4,3,3,3,3
AGG,,,,,,3.6,4,4,4,3,4
AGM,,,,,,3.4,4,3,3,3,3
AGP,,,,,,3.6,4,4,4,3,3
AGR,,1,2,3,2,4.1,4,5,5,4,4
AGX,,,,,,3.4,4,4,4,3,3
AIC,,,,,,3.6,5,3,4,1,5
ALT,,,,,,3.7,5,4,4,3,3
ALV,,,,,,3.0,4,3,3,2,3
AMC,,,,,,3.2,3,3,3,3,3
AMD,,,,,,3.6,4,4,4,3,4
AME,,,,,,3.5,4,4,4,3,3
AMP,,,,,,3.6,4,4,4,3,3
AMS,,,,,,3.5,4,4,4,3,3
AMV,,,,,,3.6,4,4,4,3,3
ANT,,,,,,3.4,4,3,3,3,3
ANV,,,,,,3.4,4,3,3,3,3
APC,,,,,,3.6,4,4,4,3,3
APF,,,,,,3.4,4,3,3,3,3
APG,,1,2,3,2,4.1,4,5,5,4,4
APH,,,,,,3.5,4,4,4,3,3
API,,,,,,3.6,4,4,4,3,4
APL,,,,,,3.5,4,4,4,3,3
APP,,,,,,3.7,4,4,4,3,4
APS,,1,2,3,2,4.1,4,5,5,4,4
APT,,,,,,3.4,4,3,3,3,3
ARM,,,,,,3.5,4,4,4,3,3
ART,,1,2,3,2,4.1,4,5,5,4,4
ASA,,,,,,3.4,4,4,4,3,3
ASG,,,,,,3.5,4,4,4,3,3
ASM,,,,,,3.4,4,3,3,3,3
ASP,,,,,,3.8,4,4,4,4,4
AST,,,,,,3.4,4,4,4,3,3
ATA,,,,,,3.4,4,3,3,3,3
ATB,,,,,,3.0,4,3,3,2,3
ATG,,,,,,3.2,3,3,3,3,3
ATS,,,,,,3.2,4,3,4,2,3
AUM,,,,,,3.4,4,3,3,3,3
AVC,,,,,,3.8,4,4,4,4,4
AVF,,,,,,3.4,4,3,3,3,3
B82,,,,,,3.0,4,3,3,2,3
BAB,,2,3,4,3,3.0,,,,,
BAF,,,,,,3.4,4,3,3,3,3
BAL,,,,,,3.5,4,4,4,3,3
BAX,,,,,,3.0,4,3,3,2,3
BBC,,,,,,3.4,4,3,3,3,3
BBH,,,,,,3.5,4,4,4,3,3
BBM,,,,,,3.4,4,3,3,3,3
BBS,,,,,,3.5,4,4,4,3,3
BBT,,,,,,3.4,4,4,4,3,3
BCA,,,,,,3.2,3,3,3,3,3
BCB,,,,,,3.2,3,3,3,3,3
BCC,,,,,,3.0,4,3,3,2,3
BCE,,,,,,3.0,4,3,3,2,3
BCF,,,,,,3.4,4,3,3,3,3
BCG,,1,2,3,2,4.1,4,5,5,4,4
BCM,,,,,,3.6,4,4,4,3,4
BCP,,,,,,3.6,4,4,4,3,3
BCV,,,,,,3.2,4,3,4,2,3
BDB,,,,,,3.7,5,4,4,3,3
BDG,,,,,,3.4,4,4,4,3,3
BDT,,,,,,3.0,4,3,3,2,3
BDW,,,,,,3.8,4,4,4,4,4
BED,,,,,,3.7,5,4,4,3,3
BEL,,,,,,3.4,4,4,4,3,3
BFC,,,,,,3.7,4,4,4,3,4
BGW,,,,,,3.8,4,4,4,4,4
BHA,,,,,,3.8,4,4,4,4,4
BHC,,,,,,3.0,4,3,3,2,3
BHG,,,,,,3.4,4,3,3,3,3
BHK,,,,,,3.4,4,3,3,3,3
BHN,,,,,,3.4,4,3,3,3,3
BHP,,,,,,3.4,4,3,3,3,3
BHT,,,,,,3.0,4,3,3,2,3
BIC,,,,,,3.6,5,3,4,1,5
BID,,2,3,4,3,3.0,,,,,
BIG,,,,,,3.6,4,4,4,3,4
BII,,,,,,3.6,4,4,4,3,4
BIO,,,,,,3.6,4,4,4,3,3
BKC,,,,,,3.2,3,3,3,3,3
BKG,,,,,,3.4,4,4,4,3,3
BKH,,,,,,3.4,4,3,3,3,3
BLF,,,,,,3.4,4,3,3,3,3
BLI,,,,,,3.6,5,3,4,1,5
BLN,,,,,,3.2,4,3,4,2,3
BLT,,,,,,3.4,4,3,3,3,3
BLW,,,,,,3.8,4,4,4,4,4
BMC,,,,,,3.2,3,3,3,3,3
BMD,,,,,,3.5,4,4,4,3,3
BMF,,,,,,3.8,4,4,4,4,4
BMG,,,,,,3.4,4,4,4,3,3
BMI,,,,,,3.6,5,3,4,1,5
BMJ,,,,,,3.2,3,3,3,3,3
BMN,,,,,,3.0,4,3,3,2,3
BMP,,,,,,3.0,4,3,3,2,3
BMS,,1,2,3,2,4.1,4,5,5,4,4
BMV,,,,,,3.4,4,3,3,3,3
BNA,,,,,,3.4,4,3,3,3,3
BNW,,,,,,3.8,4,4,4,4,4
BOT,,,,,,3.0,4,3,3,2,3
BPC,,,,,,3.5,4,4,4,3,3
BQB,,,,,,3.4,4,3,3,3,3
BRC,,,,,,3.7,4,4,4,3,4
BRR,,,,,,3.7,4,4,4,3,4
BRS,,,,,,3.5,4,4,4,3,3
BSA,,,,,,3.8,4,4,4,4,4
BSC,,,,,,3.4,4,4,4,3,3
BSD,,,,,,3.4,4,3,3,3,3
BSG,,,,,,3.2,4,3,4,2,3
BSH,,,,,,3.4,4,3,3,3,3
BSI,,1,2,3,2,4.1,4,5,5,4,4
BSL,,,,,,3.4,4,3,3,3,3
BSP,,,,,,3.4,4,3,3,3,3
BSQ,,,,,,3.4,4,3,3,3,3
BSR,,,,,,3.8,4,4,4,3,3
BST,,,,,,3.7,5,4,4,3,3
BT1,,,,,,3.7,4,4,4,3,4
BT6,,,,,,3.0,4,3,3,2,3
BTB,,,,,,3.4,4,3,3,3,3
BTD,,,,,,3.0,4,3,3,2,3
BTG,,,,,,3.5,4,4,4,3,3
BTH,,,,,,3.5,4,4,4,3,3
BTN,,,,,,3.0,4,3,3,2,3
BTP,,,,,,3.8,4,4,4,4,4
BTS,,,,,,3.0,4,3,3,2,3
BTT,,,,,,3.4,4,4,4,3,3
BTU,,,,,,3.5,4,4,4,3,3
BTV,,,,,,3.2,4,3,4,2,3
BTW,,,,,,3.8,4,4,4,4,4
BVB,,2,3,4,3,3.0,,,,,
BVG,,,,,,3.2,3,3,3,3,3
BVH,,,,,,3.6,5,3,4,1,5
BVL,,,,,,,,,,,
BVN,,,,,,3.4,4,4,4,3,3
BVS,,1,2,3,2,4.1,4,5,5,4,4
BWA,,,,,,3.8,4,4,4,4,4
BWE,,,,,,3.8,4,4,4,4,4
BWS,,,,,,3.8,4,4,4,4,4
BXH,,,,,,3.5,4,4,4,3,3
C12,,,,,,3.0,4,3,3,2,3
C21,,,,,,3.6,4,4,4,3,4
C22,,,,,,3.4,4,3,3,3,3
C32,,,,,,3.0,4,3,3,2,3
C36,,,,,,3.0,4,3,3,2,3
C47,,,,,,3.0,4,3,3,2,3
C4G,,,,,,3.0,4,3,3,2,3
C69,,,,,,3.0,4,3,3,2,3
C71,,,,,,3.0,4,3,3,2,3
C92,,,,,,3.0,4,3,3,2,3
CAB,,,,,,3.7,5,4,4,3,3
CAD,,,,,,3.4,4,3,3,3,3
CAG,,,,,,3.5,4,4,4,3,3
CAN,,,,,,3.4,4,3,3,3,3
CAP,,,,,,3.2,3,3,3,3,3
CAR,,,,,,3.5,4,4,4,3,3
CAT,,,,,,3.4,4,3,3,3,3
CAV,,,,,,3.5,4,4,4,3,3
CBC,,,,,,3.4,4,3,3,3,3
CBI,,,,,,3.2,3,3,3,3,3
CBS,,,,,,3.4,4,3,3,3,3
CC1,,,,,,3.0,4,3,3,2,3
CC4,,,,,,3.0,4,3,3,2,3
CCA,,,,,,3.4,4,3,3,3,3
CCI,,,,,,3.8,4,4,4,4,4
CCL,,,,,,3.6,4,4,4,3,4
CCM,,,,,,3.0,4,3,3,2,3
CCP,,,,,,3.5,4,4,4,3,3
CCR,,,,,,3.5,4,4,4,3,3
CCT,,,,,,3.5,4,4,4,3,3
CCV,,,,,,3.0,4,3,3,2,3
CDC,,,,,,3.0,4,3,3,2,3
CDG,,,,,,3.0,4,3,3,2,3
CDH,,,,,,3.5,4,4,4,3,3
CDN,,,,,,3.5,4,4,4,3,3
CDO,,,,,,3.0,4,3,3,2,3
CDP,,,,,,3.6,4,4,4,3,3
CDR,,,,,,3.0,4,3,3,2,3
CE1,,,,,,3.5,4,4,4,3,3
CEG,,,,,,3.0,4,3,3,2,3
CEN,,,,,,3.4,4,4,4,3,3
CEO,,,,,,3.6,4,4,4,3,4
CET,,,,,,3.4,4,4,4,3,3
CFM,,,,,,3.5,4,4,4,3,3
CFV,,,,,,3.4,4,3,3,3,3
CGV,,,,,,3.0,4,3,3,2,3
CH5,,,,,,3.0,4,3,3,2,3
CHC,,,,,,3.0,4,3,3,2,3
CHP,,,,,,3.8,4,4,4,4,4
CHS,,,,,,3.8,4,4,4,4,4
CI5,,,,,,3.0,4,3,3,2,3
CIA,,,,,,3.5,4,4,4,3,3
CID,,,,,,3.0,4,3,3,2,3
CIG,,,,,,3.0,4,3,3,2,3
CII,,,,,,3.0,4,3,3,2,3
CIP,,,,,,3.0,4,3,3,2,3
CJC,,,,,,3.5,4,4,4,3,3
CKA,,,,,,3.5,4,4,4,3,3
CKD,,,,,,3.5,4,4,4,3,3
CKG,,,,,,3.6,4,4,4,3,4
CKV,,,,,,3.5,4,4,4,3,3
CLC,,,,,,3.4,4,4,4,3,3
CLG,,,,,,3.6,4,4,4,3,4
CLH,,,,,,3.0,4,3,3,2,3
CLL,,,,,,3.5,4,4,4,3,3
CLM,,,,,,3.2,3,3,3,3,3
CLW,,,,,,3.8,4,4,4,4,4
CLX,,,,,,3.4,4,3,3,3,3
CMC,,,,,,3.1,3,3,3,3,3
CMD,,,,,,3.0,4,3,3,2,3
CMF,,,,,,3.4,4,3,3,3,3
CMG,,,,,,3.5,4,4,4,3,3
CMI,,,,,,3.0,4,3,3,2,3
CMK,,,,,,3.5,4,4,4,3,3
CMM,,,,,,3.4,4,3,3,3,3
CMN,,,,,,3.4,4,3,3,3,3
CMP,,,,,,3.5,4,4,4,3,3
CMS,,,,,,3.0,4,3,3,2,3
CMT,,,,,,3.5,4,4,4,3,3
CMV,,,,,,3.4,4,4,4,3,3
CMW,,,,,,3.8,4,4,4,4,4
CMX,,,,,,3.4,4,3,3,3,3
CNA,,,,,,3.4,4,3,3,3,3
CNC,,,,,,3.6,4,4,4,3,3
CNG,,,,,,3.8,4,4,4,4,4
CNN,,,,,,3.0,4,3,3,2,3
CNT,,,,,,3.0,4,3,3,2,3
COM,,,,,,3.4,4,4,4,3,3
CPA,,,,,,3.4,4,3,3,3,3
CPC,,,,,,3.7,4,4,4,3,4
CPH,,,,,,3.4,4,4,4,3,3
CPI,,,,,,3.5,4,4,4,3,3
CQN,,,,,,3.4,4,3,3,3,3
CQT,,,,,,3.0,4,3,3,2,3
CRC,,,,,,3.0,4,3,3,2,3
CRE,,,,,,3.6,4,4,4,3,4
CSC,,,,,,3.0,4,3,3,2,3
CSI,,1,2,3,2,4.1,4,5,5,4,4
CSM,,,,,,3.1,3,3,3,3,3
CST,,,,,,3.2,3,3,3,3,3
CSV,,,,,,3.7,4,4,4,3,4
CT3,,,,,,3.0,4,3,3,2,3
CT6,,,,,,3.0,4,3,3,2,3
CTA,,,,,,3.0,4,3,3,2,3
CTB,,,,,,3.5,4,4,4,3,3
CTC,,,,,,3.2,4,3,4,2,3
CTD,,,,,,3.0,4,3,3,2,3
CTF,,,,,,3.1,3,3,3,3,3
CTG,,2,3,4,3,3.0,,,,,
CTI,,,,,,3.0,4,3,3,2,3
CTN,,,,,,3.0,4,3,3,2,3
CTP,,,,,,3.4,4,3,3,3,3
CTR,,,,,,3.0,4,3,3,2,3
CTS,,1,2,3,2,4.1,4,5,5,4,4
CTT,,,,,,3.5,4,4,4,3,3
CTW,,,,,,3.8,4,4,4,4,4
CTX,,,,,,3.0,4,3,3,2,3
CVN,,,,,,3.6,4,4,4,3,3
CVP,,,,,,3.5,4,4,4,3,3
CVT,,,,,,3.0,4,3,3,2,3
CX8,,,,,,3.0,4,3,3,2,3
CYC,,,,,,3.0,4,3,3,2,3
D11,,,,,,3.6,4,4,4,3,4
D2D,,,,,,3.6,4,4,4,3,4
DAC,,,,,,3.0,4,3,3,2,3
DAD,,,,,,3.7,5,4,4,3,3
DAE,,,,,,3.7,5,4,4,3,3
DAG,,,,,,3.7,4,4,4,3,4
DAH,,,,,,3.2,4,3,4,2,3
DAN,,,,,,3.6,4,4,4,3,3
DAP,,,,,,3.5,4,4,4,3,3
DAS,,,,,,3.5,4,4,4,3,3
DAT,,,,,,3.4,4,3,3,3,3
DBC,,,,,,3.4,4,3,3,3,3
DBD,,,,,,3.6,4,4,4,3,3
DBM,,,,,,3.6,4,4,4,3,3
DBT,,,,,,3.6,4,4,4,3,3
DBW,,,,,,3.8,4,4,4,4,4
DC1,,,,,,3.0,4,3,3,2,3
DC2,,,,,,3.0,4,3,3,2,3
DC4,,,,,,3.0,4,3,3,2,3
DCF,,,,,,3.0,4,3,3,2,3
DCG,,,,,,3.4,4,4,4,3,3
DCH,,,,,,3.6,4,4,4,3,4
DCL,,,,,,3.6,4,4,4,3,3
DCM,,,,,,3.7,4,4,4,3,4
DCR,,,,,,3.0,4,3,3,2,3
DCS,,,,,,3.4,4,4,4,3,3
DCT,,,,,,3.0,4,3,3,2,3
DDG,,,,,,3.8,4,4,4,4,4
DDH,,,,,,3.5,4,4,4,3,3
DDM,,,,,,3.5,4,4,4,3,3
DDN,,,,,,3.6,4,4,4,3,3
DDV,,,,,,3.7,4,4,4,3,4
DFC,,,,,,3.2,3,3,3,3,3
DFF,,,,,,3.0,4,3,3,2,3
DGC,,,,,,3.7,4,4,4,3,4
DGT,,,,,,3.0,4,3,3,2,3
DGW,,,,,,3.4,4,4,4,3,3
DHA,,,,,,3.0,4,3,3,2,3
DHB,,,,,,3.7,4,4,4,3,4
DHC,,,,,,3.2,3,3,3,3,3
DHD,,,,,,3.6,4,4,4,3,3
DHG,,,,,,3.6,4,4,4,3,3
DHM,,,,,,3.2,3,3,3,3,3
DHN,,,,,,3.6,4,4,4,3,3
DHP,,,,,,3.5,4,4,4,3,3
DHT,,,,,,3.4,4,4,4,3,3
DIC,,,,,,3.0,4,3,3,2,3
DID,,,,,,3.0,4,3,3,2,3
DIG,,,,,,3.6,4,4,4,3,4
DIH,,,,,,3.0,4,3,3,2,3
DKC,,,,,,3.4,4,4,4,3,3
DL1,,,,,,3.5,4,4,4,3,3
DLD,,,,,,3.2,4,3,4,2,3
DLG,,,,,,3.2,3,3,3,3,3
DLR,,,,,,3.6,4,4,4,3,4
DLT,,,,,,3.2,4,3,4,2,3
DM7,,,,,,3.4,4,4,4,3,3
DMC,,,,,,3.6,4,4,4,3,3
DMN,,,,,,3.4,4,3,3,3,3
DNA,,,,,,3.8,4,4,4,4,4
DNC,,,,,,3.8,4,4,4,4,4
DND,,,,,,3.0,4,3,3,2,3
DNE,,,,,,3.5,4,4,4,3,3
DNH,,,,,,3.8,4,4,4,4,4
DNL,,,,,,3.5,4,4,4,3,3
DNM,,,,,,3.6,4,4,4,3,3
DNN,,,,,,3.8,4,4,4,4,4
DNP,,,,,,3.0,4,3,3,2,3
DNT,,,,,,3.2,4,3,4,2,3
DNW,,,,,,3.8,4,4,4,4,4
DOC,,,,,,3.7,4,4,4,3,4
DOP,,,,,,3.5,4,4,4,3,3
DP1,,,,,,3.6,4,4,4,3,3
DP2,,,,,,3.6,4,4,4,3,3
DP3,,,,,,3.6,4,4,4,3,3
DPC,,,,,,3.5,4,4,4,3,3
DPD,,,,,,3.7,4,4,4,3,4
DPG,,,,,,3.0,4,3,3,2,3
DPH,,,,,,3.6,4,4,4,3,3
DPM,,,,,,3.7,4,4,4,3,4
DPP,,,,,,3.6,4,4,4,3,3
DPR,,,,,,3.7,4,4,4,3,4
DPS,,,,,,3.2,3,3,3,3,3
DQC,,,,,,3.4,4,4,4,3,3
DRC,,,,,,3.1,3,3,3,3,3
DRG,,,,,,3.7,4,4,4,3,4
DRH,,,,,,3.6,4,4,4,3,4
DRI,,,,,,3.7,4,4,4,3,4
DRL,,,,,,3.8,4,4,4,4,4
DS3,,,,,,3.5,4,4,4,3,3
DSC,,1,2,3,2,4.1,4,5,5,4,4
DSD,,,,,,3.2,4,3,4,2,3
DSG,,,,,,3.0,4,3,3,2,3
DSN,,,,,,3.2,4,3,4,2,3
DSP,,,,,,3.2,4,3,4,2,3
DST,,,,,,3.7,5,4,4,3,3
DSV,,,,,,3.5,4,4,4,3,3
DTA,,,,,,3.6,4,4,4,3,4
DTB,,,,,,3.5,4,4,4,3,3
DTC,,,,,,3.0,4,3,3,2,3
DTD,,,,,,3.0,4,3,3,2,3
DTE,,,,,,3.8,4,4,4,4,4
DTG,,,,,,3.6,4,4,4,3,3
DTH,,,,,,3.6,4,4,4,3,3
DTI,,,,,,3.2,4,3,4,2,3
DTK,,,,,,3.8,4,4,4,4,4
DTL,,,,,,3.2,3,3,3,3,3
DTN,,,,,,3.4,4,4,4,3,3
DTP,,,,,,3.6,4,4,4,3,3
DTT,,,,,,3.7,4,4,4,3,4
DTV,,,,,,3.8,4,4,4,4,4
DUS,,,,,,3.5,4,4,4,3,3
DVC,,,,,,3.5,4,4,4,3,3
DVG,,,,,,3.0,4,3,3,2,3
DVM,,,,,,3.6,4,4,4,3,3
DVN,,,,,,3.6,4,4,4,3,3
DVP,,,,,,3.5,4,4,4,3,3
DVW,,,,,,3.0,4,3,3,2,3
DWC,,,,,,3.8,4,4,4,4,4
DWS,,,,,,3.8,4,4,4,4,4
DXG,,,,,,3.6,4,4,4,3,4
DXL,,,,,,3.2,4,3,4,2,3
DXP,,,,,,3.5,4,4,4,3,3
DXS,,,,,,3.6,4,4,4,3,4
DXV,,,,,,3.0,4,3,3,2,3
DZM,,,,,,3.5,4,4,4,3,3
E12,,,,,,3.0,4,3,3,2,3
E29,,,,,,3.0,4,3,3,2,3
EBS,,,,,,3.7,5,4,4,3,3
ECI,,,,,,3.7,5,4,4,3,3
EFI,,,,,,3.6,4,4,4,3,4
EIB,,2,3,4,3,3.0,,,,,
EIC,,,,,,3.0,4,3,3,2,3
EID,,,,,,3.7,5,4,4,3,3
EIN,,,,,,3.2,4,3,4,2,3
ELC,,,,,,3.5,4,4,4,3,3
EMC,,,,,,3.5,4,4,4,3,3
EME,,,,,,3.5,4,4,4,3,3
EMG,,,,,,3.5,4,4,4,3,3
EMS,,,,,,3.5,4,4,4,3,3
EPC,,,,,,3.4,4,3,3,3,3
EPH,,,,,,3.7,5,4,4,3,3
EVE,,,,,,3.4,4,4,4,3,3
EVF,,1,2,3,2,4.1,4,5,5,4,4
EVG,,,,,,3.0,4,3,3,2,3
EVS,,1,2,3,2,4.1,4,5,5,4,4
FBA,,,,,,3.4,4,4,4,3,3
FBC,,,,,,3.5,4,4,4,3,3
FCC,,,,,,3.4,4,3,3,3,3
FCM,,,,,,3.0,4,3,3,2,3
FCN,,,,,,3.0,4,3,3,2,3
FCS,,,,,,3.4,4,3,3,3,3
FDC,,,,,,3.6,4,4,4,3,4
FGL,,,,,,3.4,4,3,3,3,3
FHN,,,,,,3.4,4,4,4,3,3
FHS,,,,,,3.7,5,4,4,3,3
FIC,,,,,,3.0,4,3,3,2,3
FID,,,,,,3.6,4,4,4,3,4
FIR,,,,,,3.6,4,4,4,3,4
FIT,,1,2,3,2,4.1,4,5,5,4,4
FLC,,,,,,3.6,4,4,4,3,4
FMC,,,,,,3.4,4,3,3,3,3
FOC,,,,,,3.7,5,4,4,3,3
FOX,,,,,,4.3,4,4,5,4,4
FPT,,,,,,3.5,4,4,4,3,3
FRC,,,,,,3.2,3,3,3,3,3
FRM,,,,,,3.2,3,3,3,3,3
FRT,,,,,,3.4,4,4,4,3,3
FSO,,,,,,3.5,4,4,4,3,3
FT1,,,,,,3.5,4,4,4,3,3
FTI,,,,,,3.1,3,3,3,3,3
FTM,,,,,,3.4,4,4,4,3,3
FTS,,1,2,3,2,4.1,4,5,5,4,4
FUCTVGF4,,1,2,3,2,4.1,4,5,5,4,4
FUEDCMID,,1,2,3,2,4.1,4,5,5,4,4
FUEKIV30,,1,2,3,2,4.1,4,5,5,4,4
FUESSV30,,1,2,3,2,4.1,4,5,5,4,4
FUESSVFL,,1,2,3,2,4.1,4,5,5,4,4
FUEVN100,,1,2,3,2,4.1,4,5,5,4,4
G20,,,,,,3.4,4,4,4,3,3
G36,,,,,,3.0,4,3,3,2,3
GAB,,,,,,3.0,4,3,3,2,3
GAS,,,,,,3.8,4,4,4,4,4
GCB,,,,,,3.8,4,4,4,4,4
GDT,,,,,,3.4,4,4,4,3,3
GDW,,,,,,3.8,4,4,4,4,4
GE2,,,,,,3.8,4,4,4,4,4
GEE,,,,,,3.5,4,4,4,3,3
GEG,,,,,,3.8,4,4,4,4,4
GER,,,,,,3.7,4,4,4,3,4
GEX,,,,,,3.5,4,4,4,3,3
GGG,,,,,,3.1,3,3,3,3,3
GH3,,,,,,3.0,4,3,3,2,3
GHC,,,,,,3.8,4,4,4,4,4
GIC,,,,,,3.5,4,4,4,3,3
GIL,,,,,,3.4,4,4,4,3,3
GKM,,,,,,3.0,4,3,3,2,3
GLC,,,,,,3.2,3,3,3,3,3
GLT,,,,,,3.4,4,4,4,3,3
GLW,,,,,,3.8,4,4,4,4,4
GMA,,,,,,3.5,4,4,4,3,3
GMC,,,,,,3.4,4,4,4,3,3
GMD,,,,,,3.5,4,4,4,3,3
GMH,,,,,,3.0,4,3,3,2,3
GMX,,,,,,3.0,4,3,3,2,3
GND,,,,,,3.0,4,3,3,2,3
GSM,,,,,,3.8,4,4,4,4,4
GSP,,,,,,3.5,4,4,4,3,3
GTA,,,,,,3.2,3,3,3,3,3
GTD,,,,,,3.4,4,4,4,3,3
GTH,,,,,,3.0,4,3,3,2,3
GTS,,,,,,3.0,4,3,3,2,3
GTT,,,,,,3.2,4,3,4,2,3
GVR,,,,,,3.7,4,4,4,3,4
GVT,,,,,,3.2,3,3,3,3,3
H11,,,,,,3.0,4,3,3,2,3
HAC,,1,2,3,2,4.1,4,5,5,4,4
HAD,,,,,,3.4,4,3,3,3,3
HAF,,,,,,3.4,4,3,3,3,3
HAG,,,,,,3.4,4,3,3,3,3
HAH,,,,,,3.5,4,4,4,3,3
HAI,,,,,,3.7,4,4,4,3,4
HAM,,,,,,3.0,4,3,3,2,3
HAN,,,,,,3.0,4,3,3,2,3
HAP,,,,,,3.2,3,3,3,3,3
HAR,,,,,,3.6,4,4,4,3,4
HAS,,,,,,3.0,4,3,3,2,3
HAT,,,,,,3.4,4,3,3,3,3
HAV,,,,,,3.4,4,3,3,3,3
HAX,,,,,,3.1,3,3,3,3,3
HBC,,,,,,3.0,4,3,3,2,3
HBD,,,,,,3.5,4,4,4,3,3
HBH,,,,,,3.4,4,3,3,3,3
HBS,,1,2,3,2,4.1,4,5,5,4,4
HC1,,,,,,3.0,4,3,3,2,3
HC3,,,,,,3.0,4,3,3,2,3
HCB,,,,,,3.4,4,4,4,3,3
HCC,,,,,,3.0,4,3,3,2,3
HCD,,,,,,3.7,4,4,4,3,4
HCI,,,,,,3.0,4,3,3,2,3
HCM,,1,2,3,2,4.1,4,5,5,4,4
HCT,,,,,,3.5,4,4,4,3,3
HD2,,,,,,3.6,4,4,4,3,4
HD6,,,,,,3.6,4,4,4,3,4
HD8,,,,,,3.6,4,4,4,3,4
HDA,,,,,,3.0,4,3,3,2,3
HDB,,2,3,4,3,3.0,,,,,
HDC,,,,,,3.6,4,4,4,3,4
HDG,,,,,,3.6,4,4,4,3,4
HDM,,,,,,3.4,4,4,4,3,3
HDO,,,,,,3.5,4,4,4,3,3
HDP,,,,,,3.6,4,4,4,3,3
HDW,,,,,,3.8,4,4,4,4,4
HEC,,,,,,3.5,4,4,4,3,3
HEJ,,,,,,3.0,4,3,3,2,3
HEM,,,,,,3.5,4,4,4,3,3
HEP,,,,,,3.5,4,4,4,3,3
HES,,,,,,3.2,4,3,4,2,3
HEV,,,,,,3.7,5,4,4,3,3
HFB,,,,,,3.0,4,3,3,2,3
HFC,,,,,,3.8,4,4,4,4,4
HFX,,,,,,3.4,4,4,4,3,3
HGM,,,,,,3.2,3,3,3,3,3
HGT,,,,,,3.2,4,3,4,2,3
HGW,,,,,,3.8,4,4,4,4,4
HHC,,,,,,3.4,4,3,3,3,3
HHG,,,,,,3.2,4,3,4,2,3
HHN,,,,,,3.5,4,4,4,3,3
HHP,,,,,,3.2,3,3,3,3,3
HHR,,,,,,3.5,4,4,4,3,3
HHS,,,,,,3.1,3,3,3,3,3
HHV,,,,,,3.0,4,3,3,2,3
HID,,,,,,3.0,4,3,3,2,3
HIG,,,,,,3.5,4,4,4,3,3
HII,,,,,,3.7,4,4,4,3,4
HIZ,,,,,,3.6,4,4,4,3,4
HJC,,,,,,3.4,4,4,4,3,3
HJS,,,,,,3.8,4,4,4,4,4
HKB,,,,,,3.4,4,3,3,3,3
HKP,,,,,,3.5,4,4,4,3,3
HKT,,,,,,3.4,4,3,3,3,3
HLA,,,,,,3.2,3,3,3,3,3
HLB,,,,,,3.4,4,3,3,3,3
HLC,,,,,,3.2,3,3,3,3,3
HLD,,,,,,3.6,4,4,4,3,4
HLG,,,,,,3.4,4,3,3,3,3
HLR,,,,,,3.5,4,4,4,3,3
HLS,,,,,,3.5,4,4,4,3,3
HLT,,,,,,3.4,4,4,4,3,3
HLY,,,,,,3.0,4,3,3,2,3
HMC,,,,,,3.2,3,3,3,3,3
HMG,,,,,,3.2,3,3,3,3,3
HMH,,,,,,3.5,4,4,4,3,3
HMR,,,,,,3.0,4,3,3,2,3
HMS,,,,,,3.0,4,3,3,2,3
HNA,,,,,,3.8,4,4,4,4,4
HNB,,,,,,3.5,4,4,4,3,3
HND,,,,,,3.8,4,4,4,4,4
HNF,,,,,,3.4,4,3,3,3,3
HNG,,,,,,3.4,4,3,3,3,3
HNI,,,,,,3.4,4,4,4,3,3
HNM,,,,,,3.4,4,3,3,3,3
HNP,,,,,,3.7,4,4,4,3,4
HNR,,,,,,3.4,4,3,3,3,3
HOM,,,,,,3.0,4,3,3,2,3
HOT,,,,,,3.2,4,3,4,2,3
HPB,,,,,,3.5,4,4,4,3,3
HPD,,,,,,3.8,4,4,4,4,4
HPG,,,,,,3.2,3,3,3,3,3
HPH,,,,,,3.7,4,4,4,3,4
HPI,,,,,,3.6,4,4,4,3,4
HPM,,,,,,3.2,3,3,3,3,3
HPP,,,,,,3.0,4,3,3,2,3
HPT,,,,,,3.5,4,4,4,3,3
HPW,,,,,,3.8,4,4,4,4,4
HPX,,,,,,3.6,4,4,4,3,4
HQC,,,,,,3.6,4,4,4,3,4
HRB,,,,,,3.6,4,4,4,3,4
HRC,,,,,,3.7,4,4,4,3,4
HRT,,,,,,3.2,4,3,4,2,3
HSA,,,,,,3.5,4,4,4,3,3
HSG,,,,,,3.2,3,3,3,3,3
HSI,,,,,,3.7,4,4,4,3,4
HSL,,,,,,3.4,4,3,3,3,3
HSM,,,,,,3.4,4,4,4,3,3
HSP,,,,,,3.0,4,3,3,2,3
HSV,,,,,,3.2,3,3,3,3,3
HT1,,,,,,3.0,4,3,3,2,3
HTC,,,,,,3.8,4,4,4,4,4
HTE,,,,,,3.8,4,4,4,4,4
HTG,,,,,,3.4,4,4,4,3,3
HTI,,,,,,3.0,4,3,3,2,3
HTL,,,,,,3.1,3,3,3,3,3
HTM,,,,,,3.4,4,4,4,3,3
HTN,,,,,,3.6,4,4,4,3,4
HTP,,,,,,3.7,5,4,4,3,3
HTR,,,,,,3.5,4,4,4,3,3
HTT,,,,,,3.4,4,4,4,3,3
HTV,,,,,,3.5,4,4,4,3,3
HTW,,,,,,3.8,4,4,4,4,4
HU1,,,,,,3.0,4,3,3,2,3
HU3,,,,,,3.0,4,3,3,2,3
HU4,,,,,,3.0,4,3,3,2,3
HU6,,,,,,3.6,4,4,4,3,4
HUB,,,,,,3.0,4,3,3,2,3
HUG,,,,,,3.4,4,4,4,3,3
HUT,,,,,,3.0,4,3,3,2,3
HVA,,,,,,3.4,4,3,3,3,3
HVG,,,,,,3.4,4,3,3,3,3
HVH,,,,,,3.0,4,3,3,2,3
HVN,,,,,,3.2,4,3,4,2,3
HVT,,,,,,3.7,4,4,4,3,4
HVX,,,,,,3.0,4,3,3,2,3
HWS,,,,,,3.8,4,4,4,4,4
IBC,,1,2,3,2,4.1,4,5,5,4,4
IBD,,,,,,3.7,5,4,4,3,3
IBN,,,,,,3.7,5,4,4,3,3
ICC,,,,,,3.0,4,3,3,2,3
ICF,,,,,,3.4,4,3,3,3,3
ICG,,,,,,3.0,4,3,3,2,3
ICI,,,,,,3.0,4,3,3,2,3
ICN,,,,,,3.0,4,3,3,2,3
ICT,,,,,,3.5,4,4,4,3,3
IDC,,,,,,3.6,4,4,4,3,4
IDI,,,,,,3.4,4,3,3,3,3
IDJ,,,,,,3.6,4,4,4,3,4
IDP,,,,,,3.4,4,3,3,3,3
IDV,,,,,,3.6,4,4,4,3,4
IFS,,,,,,3.4,4,3,3,3,3
IHK,,,,,,3.7,5,4,4,3,3
IJC,,,,,,3.6,4,4,4,3,4
ILA,,,,,,3.4,4,3,3,3,3
ILB,,,,,,3.5,4,4,4,3,3
ILC,,,,,,3.5,4,4,4,3,3
ILS,,,,,,3.5,4,4,4,3,3
IME,,,,,,3.5,4,4,4,3,3
IMP,,,,,,3.6,4,4,4,3,3
IN4,,,,,,3.7,5,4,4,3,3
INC,,,,,,3.0,4,3,3,2,3
INN,,,,,,3.5,4,4,4,3,3
IPA,,,,,,3.5,4,4,4,3,3
IRC,,,,,,3.7,4,4,4,3,4
ISG,,,,,,3.5,4,4,4,3,3
ISH,,,,,,3.8,4,4,4,4,4
IST,,,,,,3.5,4,4,4,3,3
ITA,,,,,,3.6,4,4,4,3,4
ITC,,,,,,3.6,4,4,4,3,4
ITD,,,,,,3.5,4,4,4,3,3
ITQ,,,,,,3.2,3,3,3,3,3
ITS,,,,,,3.5,4,4,4,3,3
IVS,,1,2,3,2,4.1,4,5,5,4,4
JOS,,,,,,3.4,4,3,3,3,3
JVC,,,,,,3.6,4,4,4,3,3
KAC,,,,,,3.6,4,4,4,3,4
KBC,,,,,,3.6,4,4,4,3,4
KCB,,,,,,3.2,3,3,3,3,3
KCE,,,,,,3.0,4,3,3,2,3
KDC,,,,,,3.4,4,3,3,3,3
KDH,,,,,,3.6,4,4,4,3,4
KDM,,,,,,3.0,4,3,3,2,3
KGM,,,,,,3.4,4,4,4,3,3
KHA,,,,,,3.6,4,4,4,3,4
KHD,,,,,,3.2,3,3,3,3,3
KHG,,,,,,3.6,4,4,4,3,4
KHL,,,,,,3.0,4,3,3,2,3
KHP,,,,,,3.8,4,4,4,4,4
KHS,,,,,,3.4,4,3,3,3,3
KHW,,,,,,3.8,4,4,4,4,4
KIP,,,,,,3.5,4,4,4,3,3
KKC,,,,,,3.2,3,3,3,3,3
KLB,,2,3,4,3,3.0,,,,,
KLF,,,,,,3.2,4,3,4,2,3
KLM,,,,,,3.2,3,3,3,3,3
KMR,,,,,,3.4,4,4,4,3,3
KMT,,,,,,3.2,3,3,3,3,3
KOS,,,,,,3.6,4,4,4,3,4
KPF,,,,,,3.0,4,3,3,2,3
KSB,,,,,,3.2,3,3,3,3,3
KSD,,,,,,3.4,4,4,4,3,3
KSF,,,,,,3.6,4,4,4,3,4
KSH,,,,,,3.2,3,3,3,3,3
KSK,,,,,,3.0,4,3,3,2,3
KSQ,,,,,,3.2,3,3,3,3,3
KSS,,,,,,3.2,3,3,3,3,3
KST,,,,,,3.5,4,4,4,3,3
KSV,,,,,,3.2,3,3,3,3,3
KTC,,,,,,3.2,4,3,4,2,3
KTL,,,,,,3.2,3,3,3,3,3
KTS,,,,,,3.4,4,3,3,3,3
KTT,,,,,,3.0,4,3,3,2,3
KTU,,,,,,3.5,4,4,4,3,3
KVC,,,,,,3.2,3,3,3,3,3
L10,,,,,,3.5,4,4,4,3,3
L12,,,,,,3.0,4,3,3,2,3
L14,,,,,,3.0,4,3,3,2,3
L18,,,,,,3.0,4,3,3,2,3
L35,,,,,,3.5,4,4,4,3,3
L40,,,,,,3.0,4,3,3,2,3
L43,,,,,,3.5,4,4,4,3,3
L44,,,,,,3.5,4,4,4,3,3
L45,,,,,,3.0,4,3,3,2,3
L61,,,,,,3.5,4,4,4,3,3
L62,,,,,,3.5,4,4,4,3,3
L63,,,,,,3.5,4,4,4,3,3
LAF,,,,,,3.4,4,3,3,3,3
LAI,,,,,,3.0,4,3,3,2,3
LAS,,,,,,3.7,4,4,4,3,4
LAW,,,,,,3.8,4,4,4,4,4
LBC,,,,,,3.4,4,4,4,3,3
LBE,,,,,,3.7,5,4,4,3,3
LBM,,,,,,3.0,4,3,3,2,3
LCC,,,,,,3.0,4,3,3,2,3
LCD,,,,,,3.0,4,3,3,2,3
LCG,,,,,,3.0,4,3,3,2,3
LCM,,,,,,3.2,3,3,3,3,3
LCS,,,,,,3.0,4,3,3,2,3
LCW,,,,,,3.8,4,4,4,4,4
LDG,,,,,,3.6,4,4,4,3,4
LDP,,,,,,3.6,4,4,4,3,3
LDW,,,,,,3.8,4,4,4,4,4
LEC,,,,,,3.6,4,4,4,3,4
LG9,,,,,,3.0,4,3,3,2,3
LGC,,,,,,3.0,4,3,3,2,3
LGL,,,,,,3.6,4,4,4,3,4
LGM,,,,,,3.4,4,4,4,3,3
LHC,,,,,,3.0,4,3,3,2,3
LHG,,,,,,3.6,4,4,4,3,4
LIC,,,,,,3.0,4,3,3,2,3
LIG,,,,,,3.0,4,3,3,2,3
LIX,,,,,,3.4,4,4,4,3,3
LKW,,,,,,3.8,4,4,4,4,4
LLM,,,,,,3.5,4,4,4,3,3
LM3,,,,,,3.0,4,3,3,2,3
LM7,,,,,,3.5,4,4,4,3,3
LM8,,,,,,3.0,4,3,3,2,3
LMC,,,,,,3.2,3,3,3,3,3
LMH,,,,,,3.6,4,4,4,3,4
LMI,,,,,,3.5,4,4,4,3,3
LNC,,,,,,3.7,4,4,4,3,4
LO5,,,,,,3.5,4,4,4,3,3
LPB,,2,3,4,3,3.0,,,,,
LPT,,,,,,3.5,4,4,4,3,3
LQN,,,,,,3.5,4,4,4,3,3
LSG,,,,,,3.6,4,4,4,3,4
LSS,,,,,,3.4,4,3,3,3,3
LTC,,,,,,3.5,4,4,4,3,3
LTG,,,,,,3.7,4,4,4,3,4
LUT,,,,,,3.0,4,3,3,2,3
LWS,,,,,,3.8,4,4,4,4,4
M10,,,,,,3.4,4,4,4,3,3
MA1,,,,,,3.5,4,4,4,3,3
MAC,,,,,,3.5,4,4,4,3,3
MAS,,,,,,3.2,4,3,4,2,3
MBB,,2,3,4,3,3.0,,,,,
MBG,,,,,,3.0,4,3,3,2,3
MBN,,,,,,3.5,4,4,4,3,3
MBS,,1,2,3,2,4.1,4,5,5,4,4
MCC,,,,,,3.0,4,3,3,2,3
MCD,,,,,,3.5,4,4,4,3,3
MCF,,,,,,3.4,4,3,3,3,3
MCG,,,,,,3.0,4,3,3,2,3
MCH,,,,,,3.4,4,3,3,3,3
MCI,,,,,,3.0,4,3,3,2,3
MCM,,,,,,3.4,4,3,3,3,3
MCO,,,,,,3.0,4,3,3,2,3
MCP,,,,,,3.5,4,4,4,3,3
MCT,,,,,,3.0,4,3,3,2,3
MDA,,,,,,3.5,4,4,4,3,3
MDC,,,,,,3.2,3,3,3,3,3
MDF,,,,,,3.2,3,3,3,3,3
MDG,,,,,,3.0,4,3,3,2,3
MEC,,,,,,3.0,4,3,3,2,3
MED,,,,,,3.6,4,4,4,3,3
MEF,,,,,,3.6,4,4,4,3,3
MEL,,,,,,3.2,3,3,3,3,3
MES,,,,,,3.0,4,3,3,2,3
MFS,,,,,,4.3,4,4,5,4,4
MGC,,,,,,3.2,3,3,3,3,3
MGG,,,,,,3.4,4,4,4,3,3
MGR,,,,,,3.6,4,4,4,3,4
MH3,,,,,,3.6,4,4,4,3,4
MHC,,,,,,3.5,4,4,4,3,3
MHL,,,,,,3.2,3,3,3,3,3
MIC,,,,,,3.2,3,3,3,3,3
MIE,,,,,,3.5,4,4,4,3,3
MIG,,,,,,3.6,5,3,4,1,5
MIM,,,,,,3.2,3,3,3,3,3
MKP,,,,,,3.6,4,4,4,3,3
MKV,,,,,,3.6,4,4,4,3,3
MLC,,,,,,3.5,4,4,4,3,3
MLS,,,,,,3.4,4,3,3,3,3
MML,,,,,,3.4,4,3,3,3,3
MNB,,,,,,3.4,4,4,4,3,3
MND,,,,,,3.5,4,4,4,3,3
MPC,,,,,,3.4,4,3,3,3,3
MPT,,,,,,3.4,4,4,4,3,3
MPY,,,,,,3.5,4,4,4,3,3
MQB,,,,,,3.5,4,4,4,3,3
MQN,,,,,,3.5,4,4,4,3,3
MRF,,,,,,3.6,4,4,4,3,3
MSB,,2,3,4,3,3.0,,,,,
MSH,,,,,,3.4,4,4,4,3,3
MSN,,,,,,3.4,4,3,3,3,3
MSR,,,,,,3.2,3,3,3,3,3
MST,,,,,,3.0,4,3,3,2,3
MTA,,,,,,3.2,3,3,3,3,3
MTB,,,,,,3.5,4,4,4,3,3
MTC,,,,,,3.2,4,3,4,2,3
MTG,,,,,,3.8,4,4,4,4,4
MTH,,,,,,3.5,4,4,4,3,3
MTL,,,,,,3.5,4,4,4,3,3
MTP,,,,,,3.6,4,4,4,3,3
MTS,,,,,,3.5,4,4,4,3,3
MTV,,,,,,3.5,4,4,4,3,3
MVB,,,,,,3.2,3,3,3,3,3
MVC,,,,,,3.0,4,3,3,2,3
MVN,,,,,,3.5,4,4,4,3,3
MWG,,,,,,3.4,4,4,4,3,3
NAB,,2,3,4,3,3.0,,,,,
NAC,,,,,,3.0,4,3,3,2,3
NAF,,,,,,3.4,4,3,3,3,3
NAG,,,,,,3.5,4,4,4,3,3
NAP,,,,,,3.5,4,4,4,3,3
NAS,,,,,,3.5,4,4,4,3,3
NAU,,,,,,3.5,4,4,4,3,3
NAV,,,,,,3.0,4,3,3,2,3
NAW,,,,,,3.8,4,4,4,4,4
NBB,,,,,,3.6,4,4,4,3,4
NBC,,,,,,3.2,3,3,3,3,3
NBE,,,,,,3.7,5,4,4,3,3
NBP,,,,,,3.8,4,4,4,4,4
NBT,,,,,,3.8,4,4,4,4,4
NBW,,,,,,3.8,4,4,4,4,4
NCS,,,,,,3.4,4,3,3,3,3
NCT,,,,,,3.5,4,4,4,3,3
ND2,,,,,,3.8,4,4,4,4,4
NDC,,,,,,3.6,4,4,4,3,3
NDF,,,,,,3.4,4,3,3,3,3
NDN,,,,,,3.6,4,4,4,3,4
NDP,,,,,,3.6,4,4,4,3,3
NDT,,,,,,3.4,4,4,4,3,3
NDW,,,,,,3.8,4,4,4,4,4
NDX,,,,,,3.0,4,3,3,2,3
NED,,,,,,3.0,4,3,3,2,3
NET,,,,,,3.4,4,4,4,3,3
NFC,,,,,,3.7,4,4,4,3,4
NGC,,,,,,3.4,4,3,3,3,3
NHA,,,,,,3.0,4,3,3,2,3
NHC,,,,,,3.0,4,3,3,2,3
NHH,,,,,,3.7,4,4,4,3,4
NHP,,,,,,3.5,4,4,4,3,3
NHT,,,,,,3.4,4,4,4,3,3
NHV,,,,,,3.2,3,3,3,3,3
NJC,,,,,,3.4,4,4,4,3,3
NKG,,,,,,3.2,3,3,3,3,3
NLG,,,,,,3.6,4,4,4,3,4
NLS,,,,,,3.8,4,4,4,4,4
NNC,,,,,,3.0,4,3,3,2,3
NNG,,,,,,3.7,4,4,4,3,4
NNT,,,,,,3.8,4,4,4,4,4
NOS,,,,,,3.5,4,4,4,3,3
NQB,,,,,,3.8,4,4,4,4,4
NQN,,,,,,3.8,4,4,4,4,4
NQT,,,,,,3.8,4,4,4,4,4
NRC,,,,,,3.6,4,4,4,3,4
NS2,,,,,,3.8,4,4,4,4,4
NSC,,,,,,3.4,4,3,3,3,3
NSG,,,,,,3.7,4,4,4,3,4
NSH,,,,,,3.2,3,3,3,3,3
NSL,,,,,,3.8,4,4,4,4,4
NSS,,,,,,3.4,4,3,3,3,3
NST,,,,,,3.4,4,4,4,3,3
NT2,,,,,,3.8,4,4,4,4,4
NTB,,,,,,3.6,4,4,4,3,4
NTC,,,,,,3.6,4,4,4,3,4
NTF,,,,,,3.6,4,4,4,3,3
NTH,,,,,,3.8,4,4,4,4,4
NTL,,,,,,3.6,4,4,4,3,4
NTP,,,,,,3.0,4,3,3,2,3
NTT,,,,,,3.4,4,4,4,3,3
NTW,,,,,,3.8,4,4,4,4,4
NUE,,,,,,3.5,4,4,4,3,3
NVB,,2,3,4,3,3.0,,,,,
NVL,,,,,,3.6,4,4,4,3,4
NVP,,,,,,3.8,4,4,4,4,4
NVT,,,,,,3.6,4,4,4,3,4
NWT,,,,,,3.2,4,3,4,2,3
NXT,,,,,,3.0,4,3,3,2,3
OCB,,2,3,4,3,3.0,,,,,
OCH,,,,,,3.4,4,3,3,3,3
ODE,,,,,,3.7,5,4,4,3,3
OGC,,1,2,3,2,4.1,4,5,5,4,4
OIL,,,,,,3.8,4,4,4,3,3
ONE,,,,,,3.5,4,4,4,3,3
ONW,,,,,,3.2,4,3,4,2,3
OPC,,,,,,3.6,4,4,4,3,3
ORS,,1,2,3,2,4.1,4,5,5,4,4
PAC,,,,,,3.5,4,4,4,3,3
PAI,,,,,,4.3,4,4,5,4,4
PAN,,,,,,3.4,4,3,3,3,3
PAP,,,,,,3.5,4,4,4,3,3
PAS,,,,,,3.2,3,3,3,3,3
PAT,,,,,,3.7,4,4,4,3,4
PBC,,,,,,3.6,4,4,4,3,3
PBK,,,,,,3.8,4,4,4,4,4
PBP,,,,,,3.5,4,4,4,3,3
PBT,,,,,,3.5,4,4,4,3,3
PC1,,,,,,3.0,4,3,3,2,3
PCC,,,,,,3.0,4,3,3,2,3
PCE,,,,,,3.7,4,4,4,3,4
PCF,,,,,,3.4,4,3,3,3,3
PCG,,,,,,3.8,4,4,4,4,4
PCH,,,,,,3.7,4,4,4,3,4
PCM,,,,,,3.0,4,3,3,2,3
PCN,,,,,,3.7,4,4,4,3,4
PCT,,,,,,3.5,4,4,4,3,3
PDB,,,,,,3.0,4,3,3,2,3
PDC,,,,,,3.2,4,3,4,2,3
PDN,,,,,,3.5,4,4,4,3,3
PDR,,,,,,3.6,4,4,4,3,4
PDV,,,,,,3.5,4,4,4,3,3
PEC,,,,,,3.5,4,4,4,3,3
PEG,,,,,,3.8,4,4,4,4,4
PEN,,,,,,3.0,4,3,3,2,3
PEQ,,,,,,3.8,4,4,4,3,3
PET,,,,,,3.4,4,4,4,3,3
PFL,,,,,,3.0,4,3,3,2,3
PGB,,2,3,4,3,3.0,,,,,
PGC,,,,,,3.8,4,4,4,4,4
PGD,,,,,,3.8,4,4,4,4,4
PGI,,,,,,3.6,5,3,4,1,5
PGN,,,,,,3.7,4,4,4,3,4
PGS,,,,,,3.8,4,4,4,4,4
PGT,,,,,,3.2,4,3,4,2,3
PGV,,,,,,3.8,4,4,4,4,4
PHC,,,,,,3.0,4,3,3,2,3
PHH,,,,,,3.0,4,3,3,2,3
PHN,,,,,,3.5,4,4,4,3,3
PHP,,,,,,3.5,4,4,4,3,3
PHR,,,,,,3.7,4,4,4,3,4
PHS,,1,2,3,2,4.1,4,5,5,4,4
PIA,,,,,,4.3,4,4,5,4,4
PIC,,,,,,3.8,4,4,4,4,4
PID,,,,,,3.0,4,3,3,2,3
PIS,,,,,,3.2,3,3,3,3,3
PIT,,,,,,3.4,4,4,4,3,3
PIV,,,,,,3.6,4,4,4,3,4
PJC,,,,,,3.8,4,4,4,4,4
PJS,,,,,,3.8,4,4,4,4,4
PJT,,,,,,3.5,4,4,4,3,3
PLA,,,,,,3.6,4,4,4,3,4
PLC,,,,,,3.7,4,4,4,3,4
PLE,,,,,,3.0,4,3,3,2,3
PLO,,,,,,3.5,4,4,4,3,3
PLP,,,,,,3.7,4,4,4,3,4
PLX,,,,,,3.8,4,4,4,3,3
PMB,,,,,,3.7,4,4,4,3,4
PMC,,,,,,3.6,4,4,4,3,3
PMG,,,,,,3.8,4,4,4,4,4
PMJ,,,,,,3.5,4,4,4,3,3
PMP,,,,,,3.5,4,4,4,3,3
PMS,,,,,,3.5,4,4,4,3,3
PMT,,,,,,3.5,4,4,4,3,3
PMW,,,,,,3.8,4,4,4,4,4
PNC,,,,,,3.7,5,4,4,3,3
PND,,,,,,3.8,4,4,4,4,4
PNG,,,,,,3.4,4,4,4,3,3
PNJ,,,,,,3.4,4,4,4,3,3
PNP,,,,,,3.5,4,4,4,3,3
PNT,,,,,,3.0,4,3,3,2,3
POB,,,,,,3.8,4,4,4,4,4
POM,,,,,,3.2,3,3,3,3,3
POS,,,,,,3.8,4,4,4,3,3
POT,,,,,,3.5,4,4,4,3,3
POV,,,,,,3.8,4,4,4,4,4
POW,,,,,,3.8,4,4,4,4,4
PPC,,,,,,3.8,4,4,4,4,4
PPE,,,,,,3.5,4,4,4,3,3
PPH,,,,,,3.4,4,4,4,3,3
PPI,,,,,,3.6,4,4,4,3,4
PPP,,,,,,3.6,4,4,4,3,3
PPS,,,,,,3.5,4,4,4,3,3
PPT,,,,,,3.8,4,4,4,4,4
PPY,,,,,,3.8,4,4,4,4,4
PQN,,,,,,3.5,4,4,4,3,3
PRC,,,,,,3.5,4,4,4,3,3
PRE,,,,,,3.6,5,3,4,1,5
PRO,,,,,,3.4,4,3,3,3,3
PRT,,,,,,3.4,4,3,3,3,3
PSB,,,,,,3.0,4,3,3,2,3
PSC,,,,,,3.5,4,4,4,3,3
PSD,,,,,,3.4,4,4,4,3,3
PSE,,,,,,3.7,4,4,4,3,4
PSG,,,,,,3.0,4,3,3,2,3
PSH,,,,,,3.8,4,4,4,4,4
PSI,,1,2,3,2,4.1,4,5,5,4,4
PSL,,,,,,3.4,4,3,3,3,3
PSN,,,,,,3.5,4,4,4,3,3
PSP,,,,,,3.5,4,4,4,3,3
PSW,,,,,,3.7,4,4,4,3,4
PTB,,,,,,3.2,3,3,3,3,3
PTC,,,,,,3.0,4,3,3,2,3
PTD,,,,,,3.0,4,3,3,2,3
PTE,,,,,,3.0,4,3,3,2,3
PTG,,,,,,3.4,4,4,4,3,3
PTH,,,,,,3.8,4,4,4,4,4
PTI,,,,,,3.6,5,3,4,1,5
PTL,,,,,,3.6,4,4,4,3,4
PTN,,,,,,3.6,4,4,4,3,4
PTO,,,,,,3.0,4,3,3,2,3
PTP,,,,,,4.3,4,4,5,4,4
PTS,,,,,,3.5,4,4,4,3,3
PTT,,,,,,3.5,4,4,4,3,3
PTV,,,,,,3.8,4,4,4,3,3
PTX,,,,,,3.5,4,4,4,3,3
PV2,,,,,,3.6,4,4,4,3,4
PVA,,,,,,3.0,4,3,3,2,3
PVB,,,,,,3.8,4,4,4,3,3
PVC,,,,,,3.8,4,4,4,3,3
PVD,,,,,,3.8,4,4,4,3,3
PVE,,,,,,3.8,4,4,4,3,3
PVG,,,,,,3.8,4,4,4,4,4
PVH,,,,,,3.0,4,3,3,2,3
PVI,,,,,,3.6,5,3,4,1,5
PVL,,,,,,3.6,4,4,4,3,4
PVM,,,,,,3.5,4,4,4,3,3
PVO,,,,,,3.7,4,4,4,3,4
PVP,,,,,,3.5,4,4,4,3,3
PVR,,,,,,3.6,4,4,4,3,4
PVS,,,,,,3.8,4,4,4,3,3
PVT,,,,,,3.5,4,4,4,3,3
PVV,,,,,,3.0,4,3,3,2,3
PVX,,,,,,3.0,4,3,3,2,3
PVY,,,,,,3.0,4,3,3,2,3
PWA,,,,,,3.6,4,4,4,3,4
PWS,,,,,,3.8,4,4,4,4,4
PX1,,,,,,3.0,4,3,3,2,3
PXA,,,,,,3.6,4,4,4,3,4
PXC,,,,,,3.6,4,4,4,3,4
PXI,,,,,,3.0,4,3,3,2,3
PXL,,,,,,3.6,4,4,4,3,4
PXM,,,,,,3.0,4,3,3,2,3
PXS,,,,,,3.0,4,3,3,2,3
PXT,,,,,,3.0,4,3,3,2,3
QBS,,,,,,3.7,4,4,4,3,4
QCC,,,,,,3.0,4,3,3,2,3
QCG,,,,,,3.6,4,4,4,3,4
QHD,,,,,,3.5,4,4,4,3,3
QHW,,,,,,3.4,4,3,3,3,3
QLT,,,,,,3.5,4,4,4,3,3
QNC,,,,,,3.0,4,3,3,2,3
QNS,,,,,,3.4,4,3,3,3,3
QNT,,,,,,3.0,4,3,3,2,3
QNU,,,,,,3.5,4,4,4,3,3
QNW,,,,,,3.8,4,4,4,4,4
QPH,,,,,,3.8,4,4,4,4,4
QSP,,,,,,3.5,4,4,4,3,3
QST,,,,,,3.7,5,4,4,3,3
QTC,,,,,,3.0,4,3,3,2,3
QTP,,,,,,3.8,4,4,4,4,4
RAL,,,,,,3.4,4,4,4,3,3
RAT,,,,,,3.5,4,4,4,3,3
RBC,,,,,,3.7,4,4,4,3,4
RCC,,,,,,3.0,4,3,3,2,3
RCD,,,,,,3.0,4,3,3,2,3
RCL,,,,,,3.6,4,4,4,3,4
RDP,,,,,,3.7,4,4,4,3,4
REE,,,,,,3.5,4,4,4,3,3
RGC,,,,,,3.7,5,4,4,3,3
RIC,,,,,,3.2,4,3,4,2,3
ROS,,,,,,3.0,4,3,3,2,3
RTB,,,,,,3.7,4,4,4,3,4
S12,,,,,,3.0,4,3,3,2,3
S27,,,,,,3.0,4,3,3,2,3
S4A,,,,,,3.8,4,4,4,4,4
S55,,,,,,3.0,4,3,3,2,3
S72,,,,,,3.0,4,3,3,2,3
S74,,,,,,3.0,4,3,3,2,3
S96,,,,,,3.0,4,3,3,2,3
S99,,,,,,3.0,4,3,3,2,3
SAB,,,,,,3.4,4,3,3,3,3
SAC,,,,,,3.5,4,4,4,3,3
SAF,,,,,,3.4,4,3,3,3,3
SAL,,,,,,3.5,4,4,4,3,3
SAM,,,,,,3.5,4,4,4,3,3
SAP,,,,,,3.7,5,4,4,3,3
SAS,,,,,,3.4,4,4,4,3,3
SAV,,,,,,3.2,3,3,3,3,3
SB1,,,,,,3.4,4,3,3,3,3
SBA,,,,,,3.8,4,4,4,4,4
SBD,,,,,,3.5,4,4,4,3,3
SBH,,,,,,3.8,4,4,4,4,4
SBL,,,,,,3.4,4,3,3,3,3
SBM,,,,,,3.0,4,3,3,2,3
SBR,,,,,,3.7,4,4,4,3,4
SBS,,1,2,3,2,4.1,4,5,5,4,4
SBT,,,,,,3.4,4,3,3,3,3
SBV,,,,,,3.4,4,4,4,3,3
SC5,,,,,,3.0,4,3,3,2,3
SCC,,,,,,3.0,4,3,3,2,3
SCD,,,,,,3.4,4,3,3,3,3
SCG,,,,,,3.0,4,3,3,2,3
SCI,,,,,,3.0,4,3,3,2,3
SCJ,,,,,,3.0,4,3,3,2,3
SCL,,,,,,3.0,4,3,3,2,3
SCO,,,,,,3.5,4,4,4,3,3
SCR,,,,,,3.6,4,4,4,3,4
SCS,,,,,,3.2,4,3,4,2,3
SCY,,,,,,3.5,4,4,4,3,3
SD1,,,,,,3.0,4,3,3,2,3
SD2,,,,,,3.0,4,3,3,2,3
SD3,,,,,,3.0,4,3,3,2,3
SD4,,,,,,3.0,4,3,3,2,3
SD5,,,,,,3.0,4,3,3,2,3
SD6,,,,,,3.0,4,3,3,2,3
SD7,,,,,,3.0,4,3,3,2,3
SD8,,,,,,3.0,4,3,3,2,3
SD9,,,,,,3.0,4,3,3,2,3
SDA,,,,,,3.5,4,4,4,3,3
SDB,,,,,,3.0,4,3,3,2,3
SDC,,,,,,3.5,4,4,4,3,3
SDD,,,,,,3.0,4,3,3,2,3
SDG,,,,,,3.5,4,4,4,3,3
SDJ,,,,,,3.0,4,3,3,2,3
SDK,,,,,,3.5,4,4,4,3,3
SDN,,,,,,3.0,4,3,3,2,3
SDP,,,,,,3.0,4,3,3,2,3
SDT,,,,,,3.0,4,3,3,2,3
SDU,,,,,,3.0,4,3,3,2,3
SDV,,,,,,3.5,4,4,4,3,3
SDX,,,,,,3.0,4,3,3,2,3
SDY,,,,,,3.0,4,3,3,2,3
SEA,,,,,,3.4,4,3,3,3,3
SEB,,,,,,3.8,4,4,4,4,4
SED,,,,,,3.7,5,4,4,3,3
SEP,,,,,,3.7,4,4,4,3,4
SFC,,,,,,3.8,4,4,4,4,4
SFG,,,,,,3.7,4,4,4,3,4
SFI,,,,,,3.5,4,4,4,3,3
SFN,,,,,,3.5,4,4,4,3,3
SGB,,2,3,4,3,3.0,,,,,
SGC,,,,,,3.4,4,3,3,3,3
SGD,,,,,,3.7,5,4,4,3,3
SGH,,,,,,3.2,4,3,4,2,3
SGI,,,,,,3.4,4,4,4,3,3
SGN,,,,,,3.5,4,4,4,3,3
SGO,,,,,,3.4,4,3,3,3,3
SGP,,,,,,3.5,4,4,4,3,3
SGR,,,,,,3.6,4,4,4,3,4
SGS,,,,,,3.5,4,4,4,3,3
SGT,,,,,,3.5,4,4,4,3,3
SHA,,,,,,3.2,3,3,3,3,3
SHB,,2,3,4,3,3.0,,,,,
SHC,,,,,,3.5,4,4,4,3,3
SHE,,,,,,3.4,4,4,4,3,3
SHG,,,,,,3.0,4,3,3,2,3
SHI,,,,,,3.2,3,3,3,3,3
SHN,,,,,,3.2,3,3,3,3,3
SHP,,,,,,3.8,4,4,4,4,4
SHS,,1,2,3,2,4.1,4,5,5,4,4
SHX,,,,,,3.2,4,3,4,2,3
SIC,,,,,,3.0,4,3,3,2,3
SID,,,,,,3.6,4,4,4,3,4
SIG,,,,,,3.0,4,3,3,2,3
SII,,,,,,3.8,4,4,4,4,4
SIP,,,,,,3.6,4,4,4,3,4
SIV,,,,,,3.7,4,4,4,3,4
SJ1,,,,,,3.4,4,3,3,3,3
SJC,,,,,,3.0,4,3,3,2,3
SJD,,,,,,3.8,4,4,4,4,4
SJE,,,,,,3.0,4,3,3,2,3
SJF,,,,,,3.7,4,4,4,3,4
SJG,,,,,,3.0,4,3,3,2,3
SJM,,,,,,3.0,4,3,3,2,3
SJS,,,,,,3.6,4,4,4,3,4
SKG,,,,,,3.2,4,3,4,2,3
SKH,,,,,,3.4,4,3,3,3,3
SKN,,,,,,3.4,4,3,3,3,3
SKV,,,,,,3.4,4,3,3,3,3
SLS,,,,,,3.4,4,3,3,3,3
SMA,,,,,,3.8,4,4,4,4,4
SMB,,,,,,3.4,4,3,3,3,3
SMC,,,,,,3.2,3,3,3,3,3
SMN,,,,,,3.7,5,4,4,3,3
SMT,,,,,,3.5,4,4,4,3,3
SNC,,,,,,3.4,4,3,3,3,3
SNZ,,,,,,3.0,4,3,3,2,3
SP2,,,,,,3.8,4,4,4,4,4
SPB,,,,,,3.4,4,4,4,3,3
SPC,,,,,,3.7,4,4,4,3,4
SPD,,,,,,3.4,4,3,3,3,3
SPH,,,,,,3.4,4,3,3,3,3
SPI,,,,,,3.2,3,3,3,3,3
SPM,,,,,,3.6,4,4,4,3,3
SPP,,,,,,3.5,4,4,4,3,3
SPV,,,,,,3.4,4,3,3,3,3
SQC,,,,,,3.2,3,3,3,3,3
SRA,,,,,,3.5,4,4,4,3,3
SRB,,,,,,3.5,4,4,4,3,3
SRC,,,,,,3.1,3,3,3,3,3
SRF,,,,,,3.5,4,4,4,3,3
SRT,,,,,,3.2,4,3,4,2,3
SSB,,2,3,4,3,3.0,,,,,
SSC,,,,,,3.4,4,3,3,3,3
SSF,,,,,,3.4,4,4,4,3,3
SSG,,,,,,3.5,4,4,4,3,3
SSH,,,,,,3.6,4,4,4,3,4
SSI,,1,2,3,2,4.1,4,5,5,4,4
SSM,,,,,,3.2,3,3,3,3,3
SSN,,,,,,3.4,4,3,3,3,3
ST8,,,,,,3.5,4,4,4,3,3
STB,,2,3,4,3,3.0,,,,,
STC,,,,,,3.7,5,4,4,3,3
STG,,,,,,3.5,4,4,4,3,3
STH,,,,,,3.7,5,4,4,3,3
STK,,,,,,3.4,4,4,4,3,3
STL,,,,,,3.6,4,4,4,3,4
STP,,,,,,3.5,4,4,4,3,3
STS,,,,,,3.5,4,4,4,3,3
STT,,,,,,3.2,4,3,4,2,3
STW,,,,,,3.8,4,4,4,4,4
SUM,,,,,,3.7,5,4,4,3,3
SVC,,,,,,3.1,3,3,3,3,3
SVD,,,,,,3.4,4,4,4,3,3
SVG,,,,,,3.5,4,4,4,3,3
SVH,,,,,,3.8,4,4,4,4,4
SVI,,,,,,3.5,4,4,4,3,3
SVN,,,,,,3.0,4,3,3,2,3
SVT,,,,,,3.2,3,3,3,3,3
SWC,,,,,,3.5,4,4,4,3,3
SZB,,,,,,3.6,4,4,4,3,4
SZC,,,,,,3.6,4,4,4,3,4
SZE,,,,,,3.5,4,4,4,3,3
SZG,,,,,,3.6,4,4,4,3,4
SZL,,,,,,3.6,4,4,4,3,4
TA3,,,,,,3.0,4,3,3,2,3
TA6,,,,,,3.0,4,3,3,2,3
TA9,,,,,,3.0,4,3,3,2,3
TAG,,,,,,3.6,4,4,4,3,4
TAN,,,,,,3.4,4,3,3,3,3
TAR,,,,,,3.4,4,3,3,3,3
TAW,,,,,,3.8,4,4,4,4,4
TB8,,,,,,3.5,4,4,4,3,3
TBC,,,,,,3.8,4,4,4,4,4
TBD,,,,,,3.5,4,4,4,3,3
TBH,,,,,,3.5,4,4,4,3,3
TBR,,,,,,3.6,4,4,4,3,4
TBT,,,,,,3.0,4,3,3,2,3
TBX,,,,,,3.0,4,3,3,2,3
TC6,,,,,,3.2,3,3,3,3,3
TCB,,2,3,4,3,3.0,,,,,
TCD,,,,,,3.0,4,3,3,2,3
TCH,,,,,,3.6,4,4,4,3,4
TCI,,1,2,3,2,4.1,4,5,5,4,4
TCJ,,,,,,3.4,4,3,3,3,3
TCK,,,,,,3.0,4,3,3,2,3
TCL,,,,,,3.5,4,4,4,3,3
TCM,,,,,,3.4,4,4,4,3,3
TCO,,,,,,3.5,4,4,4,3,3
TCR,,,,,,3.0,4,3,3,2,3
TCT,,,,,,3.2,4,3,4,2,3
TCW,,,,,,3.5,4,4,4,3,3
TDB,,,,,,3.8,4,4,4,4,4
TDC,,,,,,3.6,4,4,4,3,4
TDF,,,,,,3.0,4,3,3,2,3
TDG,,,,,,3.8,4,4,4,4,4
TDH,,,,,,3.6,4,4,4,3,4
TDM,,,,,,3.8,4,4,4,4,4
TDN,,,,,,3.2,3,3,3,3,3
TDP,,,,,,3.5,4,4,4,3,3
TDS,,,,,,3.2,3,3,3,3,3
TDT,,,,,,3.4,4,4,4,3,3
TDW,,,,,,3.8,4,4,4,4,4
TED,,,,,,3.0,4,3,3,2,3
TEG,,,,,,3.6,4,4,4,3,4
TEL,,,,,,3.0,4,3,3,2,3
TET,,,,,,3.4,4,4,4,3,3
TFC,,,,,,3.4,4,3,3,3,3
TGG,,,,,,3.0,4,3,3,2,3
TGP,,,,,,3.5,4,4,4,3,3
TH1,,,,,,3.4,4,4,4,3,3
THB,,,,,,3.4,4,3,3,3,3
THD,,,,,,3.6,4,4,4,3,4
THG,,,,,,3.0,4,3,3,2,3
THI,,,,,,3.5,4,4,4,3,3
THN,,,,,,3.8,4,4,4,4,4
THP,,,,,,3.4,4,3,3,3,3
THS,,,,,,3.4,4,4,4,3,3
THT,,,,,,3.2,3,3,3,3,3
THU,,,,,,3.5,4,4,4,3,3
THW,,,,,,3.8,4,4,4,4,4
TID,,,,,,3.6,4,4,4,3,4
TIE,,,,,,3.5,4,4,4,3,3
TIG,,,,,,3.6,4,4,4,3,4
TIN,,1,2,3,2,4.1,4,5,5,4,4
TIP,,,,,,3.6,4,4,4,3,4
TIS,,,,,,3.2,3,3,3,3,3
TIX,,,,,,3.6,4,4,4,3,4
TJC,,,,,,3.5,4,4,4,3,3
TKA,,,,,,3.5,4,4,4,3,3
TKC,,,,,,3.0,4,3,3,2,3
TKG,,,,,,3.2,3,3,3,3,3
TKU,,,,,,3.2,3,3,3,3,3
TL4,,,,,,3.0,4,3,3,2,3
TLD,,,,,,3.6,4,4,4,3,4
TLG,,,,,,3.4,4,4,4,3,3
TLH,,,,,,3.2,3,3,3,3,3
TLI,,,,,,3.4,4,4,4,3,3
TLP,,,,,,3.8,4,4,4,4,4
TLT,,,,,,3.0,4,3,3,2,3
TMB,,,,,,3.2,3,3,3,3,3
TMC,,,,,,3.8,4,4,4,4,4
TMG,,,,,,3.2,3,3,3,3,3
TMP,,,,,,3.8,4,4,4,4,4
TMS,,,,,,3.5,4,4,4,3,3
TMT,,,,,,3.1,3,3,3,3,3
TMW,,,,,,3.2,3,3,3,3,3
TMX,,,,,,3.0,4,3,3,2,3
TN1,,,,,,3.6,4,4,4,3,4
TNA,,,,,,3.2,3,3,3,3,3
TNB,,,,,,3.2,3,3,3,3,3
TNC,,,,,,3.7,4,4,4,3,4
TNG,,,,,,3.4,4,4,4,3,3
TNH,,,,,,3.6,4,4,4,3,3
TNI,,,,,,3.2,3,3,3,3,3
TNM,,,,,,3.0,4,3,3,2,3
TNP,,,,,,3.5,4,4,4,3,3
TNS,,,,,,3.2,3,3,3,3,3
TNT,,,,,,3.2,3,3,3,3,3
TNW,,,,,,3.8,4,4,4,4,4
TOP,,,,,,3.4,4,4,4,3,3
TOS,,,,,,3.8,4,4,4,3,3
TOT,,,,,,3.5,4,4,4,3,3
TOW,,,,,,3.8,4,4,4,4,4
TPB,,2,3,4,3,3.0,,,,,
TPC,,,,,,3.7,4,4,4,3,4
TPH,,,,,,3.7,5,4,4,3,3
TPP,,,,,,3.5,4,4,4,3,3
TPS,,,,,,3.2,4,3,4,2,3
TQN,,,,,,3.2,3,3,3,3,3
TQW,,,,,,3.8,4,4,4,4,4
TR1,,,,,,3.2,4,3,4,2,3
TRA,,,,,,3.6,4,4,4,3,3
TRC,,,,,,3.7,4,4,4,3,4
TRS,,,,,,3.5,4,4,4,3,3
TRT,,,,,,3.0,4,3,3,2,3
TS3,,,,,,3.0,4,3,3,2,3
TS4,,,,,,3.4,4,3,3,3,3
TSB,,,,,,3.5,4,4,4,3,3
TSC,,,,,,3.7,4,4,4,3,4
TSD,,,,,,3.2,4,3,4,2,3
TSG,,,,,,3.5,4,4,4,3,3
TSJ,,,,,,3.2,4,3,4,2,3
TST,,,,,,3.5,4,4,4,3,3
TTA,,,,,,3.0,4,3,3,2,3
TTB,,,,,,3.0,4,3,3,2,3
TTC,,,,,,3.0,4,3,3,2,3
TTD,,,,,,3.6,4,4,4,3,3
TTE,,,,,,3.8,4,4,4,4,4
TTF,,,,,,3.2,3,3,3,3,3
TTG,,,,,,3.4,4,4,4,3,3
TTH,,,,,,3.4,4,4,4,3,3
TTL,,,,,,3.0,4,3,3,2,3
TTN,,,,,,4.3,4,4,5,4,4
TTP,,,,,,3.5,4,4,4,3,3
TTS,,,,,,3.2,3,3,3,3,3
TTT,,,,,,3.2,4,3,4,2,3
TTZ,,,,,,3.0,4,3,3,2,3
TUG,,,,,,3.5,4,4,4,3,3
TV1,,,,,,3.5,4,4,4,3,3
TV2,,,,,,3.5,4,4,4,3,3
TV3,,,,,,3.0,4,3,3,2,3
TV4,,,,,,3.5,4,4,4,3,3
TV6,,,,,,3.4,4,4,4,3,3
TVA,,,,,,3.0,4,3,3,2,3
TVB,,1,2,3,2,4.1,4,5,5,4,4
TVC,,1,2,3,2,4.1,4,5,5,4,4
TVD,,,,,,3.2,3,3,3,3,3
TVG,,,,,,3.0,4,3,3,2,3
TVH,,,,,,3.0,4,3,3,2,3
TVM,,,,,,3.5,4,4,4,3,3
TVN,,,,,,3.2,3,3,3,3,3
TVP,,,,,,3.6,4,4,4,3,3
TVS,,1,2,3,2,4.1,4,5,5,4,4
TVT,,,,,,3.4,4,4,4,3,3
TVW,,,,,,3.8,4,4,4,4,4
TW3,,,,,,3.6,4,4,4,3,3
TXM,,,,,,3.0,4,3,3,2,3
TYA,,,,,,3.5,4,4,4,3,3
UCT,,,,,,3.5,4,4,4,3,3
UDC,,,,,,3.0,4,3,3,2,3
UDJ,,,,,,3.0,4,3,3,2,3
UDL,,,,,,3.5,4,4,4,3,3
UEM,,,,,,3.5,4,4,4,3,3
UIC,,,,,,3.0,4,3,3,2,3
UMC,,,,,,3.0,4,3,3,2,3
UNI,,,,,,3.5,4,4,4,3,3
UPC,,,,,,3.8,4,4,4,4,4
UPH,,,,,,3.6,4,4,4,3,3
USC,,,,,,3.0,4,3,3,2,3
USD,,,,,,3.5,4,4,4,3,3
V11,,,,,,3.6,4,4,4,3,4
V12,,,,,,3.0,4,3,3,2,3
V15,,,,,,3.0,4,3,3,2,3
V21,,,,,,3.6,4,4,4,3,4
VAB,,2,3,4,3,3.0,,,,,
VAF,,,,,,3.7,4,4,4,3,4
VAT,,,,,,3.5,4,4,4,3,3
VAV,,,,,,3.8,4,4,4,4,4
VBB,,2,3,4,3,3.0,,,,,
VBC,,,,,,3.5,4,4,4,3,3
VBG,,,,,,3.2,3,3,3,3,3
VBH,,,,,,3.5,4,4,4,3,3
VC1,,,,,,3.0,4,3,3,2,3
VC2,,,,,,3.0,4,3,3,2,3
VC3,,,,,,3.6,4,4,4,3,4
VC5,,,,,,3.0,4,3,3,2,3
VC6,,,,,,3.0,4,3,3,2,3
VC7,,,,,,3.0,4,3,3,2,3
VC9,,,,,,3.0,4,3,3,2,3
VCA,,,,,,3.2,3,3,3,3,3
VCB,,2,3,4,3,3.0,,,,,
VCC,,,,,,3.0,4,3,3,2,3
VCE,,,,,,3.0,4,3,3,2,3
VCF,,,,,,3.4,4,3,3,3,3
VCG,,,,,,3.0,4,3,3,2,3
VCI,,1,2,3,2,4.1,4,5,5,4,4
VCM,,,,,,3.5,4,4,4,3,3
VCP,,,,,,3.0,4,3,3,2,3
VCR,,,,,,3.6,4,4,4,3,4
VCS,,,,,,3.0,4,3,3,2,3
VCT,,,,,,3.5,4,4,4,3,3
VCW,,,,,,3.8,4,4,4,4,4
VCX,,,,,,3.0,4,3,3,2,3
VDB,,,,,,3.2,3,3,3,3,3
VDL,,,,,,3.4,4,3,3,3,3
VDN,,,,,,3.4,4,4,4,3,3
VDP,,,,,,3.6,4,4,4,3,3
VDS,,1,2,3,2,4.1,4,5,5,4,4
VDT,,,,,,3.2,3,3,3,3,3
VE1,,,,,,3.0,4,3,3,2,3
VE2,,,,,,3.0,4,3,3,2,3
VE3,,,,,,3.0,4,3,3,2,3
VE4,,,,,,3.0,4,3,3,2,3
VE8,,,,,,3.0,4,3,3,2,3
VE9,,,,,,3.0,4,3,3,2,3
VEA,,,,,,3.5,4,4,4,3,3
VEC,,,,,,3.5,4,4,4,3,3
VEF,,,,,,3.7,5,4,4,3,3
VES,,,,,,3.5,4,4,4,3,3
VET,,,,,,3.7,4,4,4,3,4
VFC,,,,,,3.5,4,4,4,3,3
VFG,,,,,,3.7,4,4,4,3,4
VFR,,,,,,3.5,4,4,4,3,3
VFS,,1,2,3,2,4.1,4,5,5,4,4
VGC,,,,,,3.0,4,3,3,2,3
VGG,,,,,,3.4,4,4,4,3,3
VGI,,,,,,4.3,4,4,5,4,4
VGL,,,,,,3.2,3,3,3,3,3
VGP,,,,,,3.5,4,4,4,3,3
VGR,,,,,,3.5,4,4,4,3,3
VGS,,,,,,3.2,3,3,3,3,3
VGT,,,,,,3.4,4,4,4,3,3
VGV,,,,,,3.6,4,4,4,3,4
VHC,,,,,,3.4,4,3,3,3,3
VHD,,,,,,3.6,4,4,4,3,4
VHE,,,,,,3.6,4,4,4,3,3
VHF,,,,,,3.4,4,3,3,3,3
VHG,,,,,,3.5,4,4,4,3,3
VHH,,,,,,3.0,4,3,3,2,3
VHL,,,,,,3.0,4,3,3,2,3
VHM,,,,,,3.6,4,4,4,3,4
VIB,,2,3,4,3,3.0,,,,,
VIC,,,,,,3.6,4,4,4,3,4
VID,,,,,,3.2,3,3,3,3,3
VIE,,,,,,3.5,4,4,4,3,3
VIF,,,,,,3.2,3,3,3,3,3
VIG,,1,2,3,2,4.1,4,5,5,4,4
VIH,,,,,,3.0,4,3,3,2,3
VIM,,,,,,3.2,3,3,3,3,3
VIN,,,,,,3.5,4,4,4,3,3
VIP,,,,,,3.5,4,4,4,3,3
VIR,,,,,,3.2,4,3,4,2,3
VIT,,,,,,3.0,4,3,3,2,3
VIW,,,,,,3.0,4,3,3,2,3
VIX,,1,2,3,2,4.1,4,5,5,4,4
VJC,,,,,,3.2,4,3,4,2,3
VKC,,,,,,3.1,3,3,3,3,3
VKP,,,,,,3.7,4,4,4,3,4
VLA,,,,,,3.5,4,4,4,3,3
VLB,,,,,,3.0,4,3,3,2,3
VLC,,,,,,3.4,4,3,3,3,3
VLF,,,,,,3.4,4,3,3,3,3
VLG,,,,,,3.5,4,4,4,3,3
VLP,,,,,,3.5,4,4,4,3,3
VLW,,,,,,3.8,4,4,4,4,4
VMA,,,,,,3.1,3,3,3,3,3
VMC,,,,,,3.0,4,3,3,2,3
VMD,,,,,,3.6,4,4,4,3,3
VMG,,,,,,3.8,4,4,4,4,4
VMS,,,,,,3.5,4,4,4,3,3
VNA,,,,,,3.5,4,4,4,3,3
VNB,,,,,,3.7,5,4,4,3,3
VNC,,,,,,3.5,4,4,4,3,3
VND,,1,2,3,2,4.1,4,5,5,4,4
VNE,,,,,,3.0,4,3,3,2,3
VNF,,,,,,3.5,4,4,4,3,3
VNG,,,,,,3.2,4,3,4,2,3
VNH,,,,,,3.4,4,3,3,3,3
VNI,,,,,,3.6,4,4,4,3,4
VNL,,,,,,3.5,4,4,4,3,3
VNM,,,,,,3.4,4,3,3,3,3
VNP,,,,,,3.7,4,4,4,3,4
VNR,,,,,,3.6,5,3,4,1,5
VNS,,,,,,3.2,4,3,4,2,3
VNT,,,,,,3.5,4,4,4,3,3
VNX,,,,,,3.7,5,4,4,3,3
VNY,,,,,,3.7,4,4,4,3,4
VOC,,,,,,3.4,4,3,3,3,3
VOS,,,,,,3.5,4,4,4,3,3
VPA,,,,,,3.5,4,4,4,3,3
VPB,,2,3,4,3,3.0,,,,,
VPC,,,,,,3.0,4,3,3,2,3
VPD,,,,,,3.8,4,4,4,4,4
VPG,,,,,,3.2,3,3,3,3,3
VPH,,,,,,3.6,4,4,4,3,4
VPI,,,,,,3.6,4,4,4,3,4
VPR,,,,,,3.7,5,4,4,3,3
VPS,,,,,,3.7,4,4,4,3,4
VPW,,,,,,3.8,4,4,4,4,4
VQC,,,,,,3.5,4,4,4,3,3
VRC,,,,,,3.6,4,4,4,3,4
VRE,,,,,,3.6,4,4,4,3,4
VRG,,,,,,3.6,4,4,4,3,4
VSA,,,,,,3.5,4,4,4,3,3
VSC,,,,,,3.5,4,4,4,3,3
VSE,,,,,,3.5,4,4,4,3,3
VSF,,,,,,3.4,4,3,3,3,3
VSG,,,,,,3.5,4,4,4,3,3
VSH,,,,,,3.8,4,4,4,4,4
VSI,,,,,,3.0,4,3,3,2,3
VSM,,,,,,3.5,4,4,4,3,3
VSN,,,,,,3.4,4,3,3,3,3
VST,,,,,,3.5,4,4,4,3,3
VTA,,,,,,3.0,4,3,3,2,3
VTB,,,,,,3.5,4,4,4,3,3
VTC,,,,,,3.5,4,4,4,3,3
VTD,,,,,,3.2,4,3,4,2,3
VTE,,,,,,3.5,4,4,4,3,3
VTG,,,,,,3.2,4,3,4,2,3
VTH,,,,,,3.5,4,4,4,3,3
VTI,,,,,,3.4,4,4,4,3,3
VTJ,,,,,,3.4,4,4,4,3,3
VTK,,,,,,3.5,4,4,4,3,3
VTL,,,,,,3.4,4,3,3,3,3
VTM,,,,,,3.2,4,3,4,2,3
VTO,,,,,,3.5,4,4,4,3,3
VTP,,,,,,3.5,4,4,4,3,3
VTQ,,,,,,3.7,4,4,4,3,4
VTR,,,,,,3.2,4,3,4,2,3
VTS,,,,,,3.0,4,3,3,2,3
VTV,,,,,,3.0,4,3,3,2,3
VTX,,,,,,3.5,4,4,4,3,3
VTZ,,,,,,3.7,4,4,4,3,4
VUA,,1,2,3,2,4.1,4,5,5,4,4
VVN,,,,,,3.0,4,3,3,2,3
VVS,,,,,,3.1,3,3,3,3,3
VW3,,,,,,3.0,4,3,3,2,3
VWS,,,,,,3.8,4,4,4,4,4
VXB,,,,,,3.0,4,3,3,2,3
VXP,,,,,,3.7,4,4,4,3,4
VXT,,,,,,3.5,4,4,4,3,3
WCS,,,,,,3.5,4,4,4,3,3
WSB,,,,,,3.4,4,3,3,3,3
WSS,,1,2,3,2,4.1,4,5,5,4,4
WTC,,,,,,3.5,4,4,4,3,3
X20,,,,,,3.4,4,4,4,3,3
X26,,,,,,3.4,4,4,4,3,3
X77,,,,,,3.0,4,3,3,2,3
XDH,,,,,,3.6,4,4,4,3,4
XHC,,,,,,3.4,4,4,4,3,3
XLV,,,,,,3.0,4,3,3,2,3
XMC,,,,,,3.0,4,3,3,2,3
XMD,,,,,,3.0,4,3,3,2,3
XMP,,,,,,3.8,4,4,4,4,4
XPH,,,,,,3.4,4,4,4,3,3
YBC,,,,,,3.0,4,3,3,2,3
YBM,,,,,,3.2,3,3,3,3,3
YEG,,,,,,3.7,5,4,4,3,3
YTC,,,,,,3.6,4,4,4,3,3
