ticker,businessModel,businessEfficiency,assetQuality,cashFlowQuality,bom,businessAdministration,productService,businessAdvantage,companyPosition,industry,operationRisk
A32,3.5,3,4,4,3,3,4,4,4,3,3
AAA,3.2,3,3,3,3,3,4,3,4,4,3
AAM,,,,,,,,,,,
AAS,2.8,3,3,3,3,3,3,3,2,3,2
AAT,3.0,3,3,3,3,3,3,3,3,3,3
AAV,3.5,3,4,4,3,3,4,4,4,3,3
ABB,3.0,3,3,3,3,3,3,3,3,3,3
ABC,3.5,3,4,4,3,3,4,4,4,3,3
ABI,3.0,3,3,3,3,3,3,3,3,3,3
ABR,3.5,3,4,4,3,3,4,4,4,3,3
ABS,3.0,3,3,3,3,3,3,3,3,3,3
ABT,3.0,3,3,3,3,3,3,3,3,3,3
ACB,3.9,5,5,4,3,4,3,4,4,4,4
ACC,3.5,3,4,4,3,3,4,4,4,3,3
ACE,,,,,,,,,,,
ACG,,,,,,,,,,,
ACL,3.0,3,3,3,3,3,3,3,3,3,3
ACM,,,,,,,,,,,
ACS,,,,,,,,,,,
ACV,3.0,3,3,3,3,3,3,3,3,3,3
ADC,,,,,,,,,,,
ADG,3.3,3,2,3,4,3,4,3,4,4,3
ADP,3.0,3,3,3,3,3,3,3,3,3,3
ADS,3.0,3,3,3,3,3,3,3,3,3,3
AFX,3.0,3,3,3,3,3,3,3,3,3,3
AG1,,,,,,,,,,,
AGE,,,,,,,,,,,
AGF,,,,,,,,,,,
AGG,3.6,4,3,4,3,4,4,3,4,4,4
AGM,3.0,3,3,3,3,3,3,3,3,3,3
AGP,3.5,3,4,4,3,3,4,4,4,3,3
AGR,2.3,2,2,2,2,3,2,2,2,3,3
AGX,3.5,3,4,4,3,3,4,4,4,3,3
AIC,,,,,,,,,,,
ALT,,,,,,,,,,,
ALV,,,,,,,,,,,
AMC,,,,,,,,,,,
AMD,1.4,2,1,2,2,1,1,1,1,2,1
AME,3.5,3,4,4,3,3,4,4,4,3,3
AMP,3.5,3,4,4,3,3,4,4,4,3,3
AMS,3.5,3,4,4,3,3,4,4,4,3,3
AMV,3.5,3,4,4,3,3,4,4,4,3,3
ANT,,,,,,,,,,,
ANV,3.0,3,3,3,3,3,3,3,3,3,3
APC,3.6,3,4,4,4,3,4,4,4,3,3
APF,3.0,3,3,3,3,3,3,3,3,3,3
APG,3.0,3,3,3,3,3,3,3,3,3,3
APH,3.0,3,3,3,3,3,3,3,3,3,3
API,3.5,3,4,4,3,3,4,4,4,3,3
APL,,,,,,,,,,,
APP,,,,,,,,,,,
APS,3.0,3,3,3,3,3,3,3,3,3,3
APT,,,,,,,,,,,
ARM,,,,,,,,,,,
ART,3.0,3,3,3,3,3,3,3,3,3,3
ASA,,,,,,,,,,,
ASG,3.0,3,3,3,3,3,3,3,3,3,3
ASM,3.0,3,3,3,3,3,3,3,3,3,3
ASP,3.5,3,3,3,3,3,3,4,5,4,4
AST,3.0,3,3,3,3,3,3,3,3,3,3
ATA,,,,,,,,,,,
ATB,,,,,,,,,,,
ATG,,,,,,,,,,,
ATS,,,,,,,,,,,
AUM,,,,,,,,,,,
AVC,3.0,3,3,3,3,3,3,3,3,3,3
AVF,,,,,,,,,,,
B82,,,,,,,,,,,
BAB,3.0,3,3,3,3,3,3,3,3,3,3
BAF,3.0,3,3,3,3,3,4,3,3,3,2
BAL,,,,,,,,,,,
BAX,3.5,3,4,4,3,3,4,4,4,3,3
BBC,3.0,3,3,3,3,3,3,3,3,3,3
BBH,,,,,,,,,,,
BBM,,,,,,,,,,,
BBS,,,,,,,,,,,
BBT,,,,,,,,,,,
BCA,,,,,,,,,,,
BCB,,,,,,,,,,,
BCC,3.0,3,3,3,3,3,3,3,3,3,3
BCE,3.5,3,4,4,3,3,4,4,4,3,3
BCF,3.0,3,3,3,3,3,3,3,3,3,3
BCG,3.0,3,3,3,3,3,3,3,3,3,3
BCM,3.0,3,3,3,3,3,3,3,3,3,3
BCP,,,,,,,,,,,
BCV,,,,,,,,,,,
BDB,,,,,,,,,,,
BDG,3.5,3,4,4,3,3,4,4,4,3,3
BDT,3.0,3,3,3,3,3,3,3,4,2,3
BDW,,,,,,,,,,,
BED,,,,,,,,,,,
BEL,,,,,,,,,,,
BFC,3.2,3,4,3,3,3,3,3,4,3,3
BGW,,,,,,,,,,,
BHA,3.0,3,3,3,3,3,3,3,3,3,3
BHC,,,,,,,,,,,
BHG,,,,,,,,,,,
BHK,,,,,,,,,,,
BHN,3.0,3,3,3,3,3,3,3,3,3,3
BHP,,,,,,,,,,,
BHT,,,,,,,,,,,
BIC,3.0,3,3,3,3,3,3,3,3,3,3
BID,3.4,4,3,4,4,4,3,3,4,3,3
BIG,,,,,,,,,,,
BII,3.0,3,3,3,3,3,3,3,3,3,3
BIO,,,,,,,,,,,
BKC,,,,,,,,,,,
BKG,3.0,3,3,3,3,3,3,3,3,3,3
BKH,,,,,,,,,,,
BLF,,,,,,,,,,,
BLI,3.0,3,3,3,3,3,3,3,3,3,3
BLN,,,,,,,,,,,
BLT,,,,,,,,,,,
BLW,3.5,3,4,4,3,3,4,4,4,3,3
BMC,3.5,3,4,4,3,3,4,4,4,3,3
BMD,,,,,,,,,,,
BMF,,,,,,,,,,,
BMG,,,,,,,,,,,
BMI,3.0,3,3,3,3,3,3,3,3,3,3
BMJ,,,,,,,,,,,
BMN,,,,,,,,,,,
BMP,3.2,3,3,3,3,3,3,3,4,4,3
BMS,2.9,3,3,3,3,3,3,3,2,3,3
BMV,3.5,3,4,4,3,3,4,4,4,3,3
BNA,3.0,3,3,3,3,3,3,3,3,3,3
BNW,3.5,3,4,4,3,3,4,4,4,3,3
BOT,3.0,3,3,3,3,3,3,3,3,3,3
BPC,,,,,,,,,,,
BQB,,,,,,,,,,,
BRC,,,,,,,,,,,
BRR,2.8,3,3,3,2,3,3,3,2,3,3
BRS,,,,,,,,,,,
BSA,3.0,3,3,3,3,3,3,3,3,3,3
BSC,,,,,,,,,,,
BSD,,,,,,,,,,,
BSG,3.5,3,4,4,3,3,4,4,4,3,3
BSH,3.5,3,4,4,3,3,4,4,4,3,3
BSI,3.0,3,3,3,3,3,3,3,3,3,3
BSL,3.5,3,4,4,3,3,4,4,4,3,3
BSP,3.5,3,4,4,3,3,4,4,4,3,3
BSQ,3.0,3,3,3,3,3,3,3,3,3,3
BSR,3.0,3,3,3,3,3,3,3,3,3,3
BST,,,,,,,,,,,
BT1,,,,,,,,,,,
BT6,,,,,,,,,,,
BTB,,,,,,,,,,,
BTD,,,,,,,,,,,
BTG,,,,,,,,,,,
BTH,3.5,3,4,4,3,3,4,4,4,3,3
BTN,,,,,,,,,,,
BTP,3.5,3,3,3,4,4,5,3,3,4,3
BTS,3.0,3,3,3,3,3,3,3,3,3,3
BTT,3.0,3,3,3,3,3,3,3,3,3,3
BTU,,,,,,,,,,,
BTV,3.2,3,4,4,3,3,3,3,3,3,3
BTW,3.5,3,4,4,3,3,4,4,4,3,3
BVB,3.2,3,3,3,4,3,3,4,3,4,3
BVG,,,,,,,,,,,
BVH,4.1,4,4,4,4,4,4,4,5,4,4
BVL,,,,,,,,,,,
BVN,,,,,,,,,,,
BVS,3.0,3,3,3,3,3,3,3,3,3,3
BWA,,,,,,,,,,,
BWE,3.0,3,3,3,3,3,3,3,3,3,3
BWS,3.0,3,3,3,3,3,3,3,3,3,3
BXH,,,,,,,,,,,
C12,,,,,,,,,,,
C21,3.5,3,4,4,3,3,4,4,4,3,3
C22,,,,,,,,,,,
C32,3.0,3,3,3,3,3,3,3,3,3,3
C36,,,,,,,,,,,
C47,3.5,3,4,4,3,3,4,4,4,3,3
C4G,3.4,4,3,4,4,4,3,3,4,4,3
C69,,,,,,,,,,,
C71,,,,,,,,,,,
C92,,,,,,,,,,,
CAB,2.9,2,3,2,3,3,3,2,4,4,3
CAD,,,,,,,,,,,
CAG,3.1,3,4,3,3,3,3,3,3,3,3
CAN,3.5,3,4,4,3,3,4,4,4,3,3
CAP,3.5,3,4,4,3,3,4,4,4,3,3
CAR,,,,,,,,,,,
CAT,,,,,,,,,,,
CAV,3.8,3,4,4,4,4,5,3,5,3,3
CBC,,,,,,,,,,,
CBI,3.0,3,3,3,3,3,3,3,3,3,3
CBS,,,,,,,,,,,
CC1,3.0,3,3,3,3,3,3,3,3,3,3
CC4,,,,,,,,,,,
CCA,,,,,,,,,,,
CCI,3.5,3,4,4,3,3,4,4,4,3,3
CCL,3.3,3,4,3,4,4,4,3,3,4,3
CCM,,,,,,,,,,,
CCP,,,,,,,,,,,
CCR,3.7,4,4,4,3,3,4,4,3,4,4
CCT,3.5,3,4,4,3,3,4,4,4,3,3
CCV,,,,,,,,,,,
CDC,3.5,3,4,4,3,3,4,4,4,3,3
CDG,,,,,,,,,,,
CDH,,,,,,,,,,,
CDN,3.7,4,4,4,3,3,4,4,3,4,4
CDO,,,,,,,,,,,
CDP,3.5,3,4,4,3,3,4,4,4,3,3
CDR,,,,,,,,,,,
CE1,,,,,,,,,,,
CEG,,,,,,,,,,,
CEN,,,,,,,,,,,
CEO,3.0,3,3,3,3,3,3,3,3,3,3
CET,,,,,,,,,,,
CFM,,,,,,,,,,,
CFV,3.5,3,4,4,3,3,4,4,4,3,3
CGV,,,,,,,,,,,
CH5,,,,,,,,,,,
CHC,,,,,,,,,,,
CHP,3.0,3,3,3,3,3,3,3,3,3,3
CHS,3.5,3,4,4,3,3,4,4,4,3,3
CI5,,,,,,,,,,,
CIA,3.5,3,4,4,3,3,4,4,4,3,3
CID,,,,,,,,,,,
CIG,,,,,,,,,,,
CII,3.0,3,3,3,3,3,3,3,3,3,3
CIP,,,,,,,,,,,
CJC,,,,,,,,,,,
CKA,,,,,,,,,,,
CKD,2.9,2,3,3,3,3,3,3,3,3,3
CKG,3.7,4,4,4,4,4,4,4,3,4,4
CKV,,,,,,,,,,,
CLC,3.0,3,3,3,3,3,3,3,3,3,3
CLG,,,,,,,,,,,
CLH,3.1,3,4,4,3,3,3,3,2,3,3
CLL,3.6,4,4,4,4,3,3,3,3,4,4
CLM,,,,,,,,,,,
CLW,3.5,3,4,4,3,3,4,4,4,3,3
CLX,3.0,3,3,3,3,3,3,3,3,3,3
CMC,,,,,,,,,,,
CMD,3.5,3,4,4,3,3,4,4,4,3,3
CMF,3.5,3,4,4,3,3,4,4,4,3,3
CMG,3.0,3,3,3,3,3,3,3,3,3,3
CMI,,,,,,,,,,,
CMK,,,,,,,,,,,
CMM,,,,,,,,,,,
CMN,3.5,3,4,4,3,3,4,4,4,3,3
CMP,3.5,3,4,4,3,3,4,4,4,3,3
CMS,,,,,,,,,,,
CMT,,,,,,,,,,,
CMV,3.5,3,4,4,3,3,4,4,4,3,3
CMW,3.5,3,4,4,3,3,4,4,4,3,3
CMX,3.0,3,3,3,3,3,3,3,3,3,3
CNA,,,,,,,,,,,
CNC,3.4,3,4,4,3,3,4,3,4,3,3
CNG,3.5,4,4,4,3,3,3,4,3,4,3
CNN,,,,,,,,,,,
CNT,3.0,3,3,3,3,3,3,3,3,3,3
COM,3.0,3,3,3,3,3,3,3,3,3,3
CPA,,,,,,,,,,,
CPC,,,,,,,,,,,
CPH,,,,,,,,,,,
CPI,,,,,,,,,,,
CQN,,,,,,,,,,,
CQT,,,,,,,,,,,
CRC,3.5,3,4,4,3,3,4,4,4,3,3
CRE,3.0,3,3,3,3,3,3,3,3,3,3
CSC,3.3,3,5,3,5,3,3,3,3,3,3
CSI,2.6,2,3,2,3,3,2,3,2,3,3
CSM,3.4,3,4,4,4,4,3,3,4,3,3
CST,,,,,,,,,,,
CSV,3.2,3,3,3,3,3,3,4,3,3,3
CT3,,,,,,,,,,,
CT6,,,,,,,,,,,
CTA,,,,,,,,,,,
CTB,3.5,3,4,4,3,3,4,4,4,3,3
CTC,,,,,,,,,,,
CTD,3.0,3,3,3,3,3,3,3,3,3,3
CTF,2.6,2,2,3,3,2,3,3,3,3,2
CTG,3.0,3,3,3,3,3,3,3,3,3,3
CTI,3.0,3,3,3,3,3,3,3,3,3,3
CTN,,,,,,,,,,,
CTP,,,,,,,,,,,
CTR,3.0,3,3,3,3,3,3,3,3,3,3
CTS,3.0,3,3,3,3,3,3,3,3,3,3
CTT,,,,,,,,,,,
CTW,3.5,3,4,4,3,3,4,4,4,3,3
CTX,3.0,3,3,3,3,3,3,3,3,3,3
CVN,,,,,,,,,,,
CVP,,,,,,,,,,,
CVT,3.0,3,3,3,3,3,3,3,3,3,3
CX8,,,,,,,,,,,
CYC,,,,,,,,,,,
D11,,,,,,,,,,,
D2D,3.1,3,4,3,3,3,3,3,3,3,3
DAC,,,,,,,,,,,
DAD,,,,,,,,,,,
DAE,,,,,,,,,,,
DAG,3.0,3,3,3,3,3,3,3,3,3,3
DAH,3.5,3,4,4,3,3,4,4,4,3,3
DAN,,,,,,,,,,,
DAP,,,,,,,,,,,
DAS,,,,,,,,,,,
DAT,3.0,3,3,3,3,3,3,3,3,3,3
DBC,3.8,3,4,4,4,3,4,4,5,4,3
DBD,3.0,3,3,3,3,3,3,3,3,3,3
DBM,,,,,,,,,,,
DBT,,,,,,,,,,,
DBW,3.5,3,4,4,3,3,4,4,4,3,3
DC1,,,,,,,,,,,
DC2,,,,,,,,,,,
DC4,,,,,,,,,,,
DCF,,,,,,,,,,,
DCG,,,,,,,,,,,
DCH,,,,,,,,,,,
DCL,3.0,3,3,3,3,3,3,3,3,3,3
DCM,4.6,5,5,5,4,4,5,5,5,4,4
DCR,,,,,,,,,,,
DCS,,,,,,,,,,,
DCT,,,,,,,,,,,
DDG,3.0,3,3,3,3,3,3,3,3,3,3
DDH,,,,,,,,,,,
DDM,,,,,,,,,,,
DDN,,,,,,,,,,,
DDV,3.1,3,4,3,3,3,3,3,3,3,3
DFC,3.5,3,4,4,3,3,4,4,4,3,3
DFF,,,,,,,,,,,
DGC,4.6,5,5,5,4,4,5,5,5,4,4
DGT,3.0,3,3,3,3,3,3,3,3,3,3
DGW,3.0,3,3,3,3,3,3,3,3,3,3
DHA,3.0,3,3,3,3,3,3,3,3,3,3
DHB,2.7,2,2,2,3,3,3,3,3,3,3
DHC,4.3,5,5,5,4,4,5,3,4,4,4
DHD,3.5,3,4,4,3,3,4,4,4,3,3
DHG,4.0,4,4,4,4,4,4,4,4,4,4
DHM,,,,,,,,,,,
DHN,,,,,,,,,,,
DHP,,,,,,,,,,,
DHT,3.6,3,4,4,3,3,4,4,4,4,3
DIC,,,,,,,,,,,
DID,,,,,,,,,,,
DIG,3.7,4,5,4,3,3,4,4,4,3,3
DIH,3.5,3,4,4,3,3,4,4,4,3,3
DKC,,,,,,,,,,,
DL1,3.0,3,3,3,3,3,3,3,3,3,3
DLD,,,,,,,,,,,
DLG,3.0,3,3,3,3,3,3,3,3,3,3
DLR,,,,,,,,,,,
DLT,,,,,,,,,,,
DM7,,,,,,,,,,,
DMC,3.0,3,3,3,3,3,3,3,3,3,3
DMN,,,,,,,,,,,
DNA,3.0,3,3,3,3,3,3,3,3,3,3
DNC,,,,,,,,,,,
DND,3.5,3,4,4,3,3,4,4,4,3,3
DNE,,,,,,,,,,,
DNH,3.5,3,4,4,3,3,4,4,4,3,3
DNL,,,,,,,,,,,
DNM,,,,,,,,,,,
DNN,3.5,3,4,4,3,3,4,4,4,3,3
DNP,3.5,3,4,3,4,4,3,4,4,3,3
DNT,,,,,,,,,,,
DNW,3.0,3,3,3,3,3,3,3,3,3,3
DOC,,,,,,,,,,,
DOP,,,,,,,,,,,
DP1,3.0,3,3,3,3,3,3,3,3,3,3
DP2,3.5,3,4,4,3,3,4,4,4,3,3
DP3,3.5,3,4,4,3,3,4,4,4,4,3
DPC,,,,,,,,,,,
DPD,,,,,,,,,,,
DPG,3.4,4,4,4,3,3,4,3,3,3,4
DPH,,,,,,,,,,,
DPM,4.6,5,5,5,4,4,5,4,5,4,5
DPP,,,,,,,,,,,
DPR,3.8,4,5,4,3,4,3,4,4,4,4
DPS,,,,,,,,,,,
DQC,2.9,3,3,3,3,3,3,3,3,3,3
DRC,3.3,3,4,4,4,4,3,3,4,3,3
DRG,3.1,2,3,3,3,3,3,3,4,4,3
DRH,2.7,2,3,2,3,3,3,2,3,3,3
DRI,3.3,4,4,4,3,3,3,4,3,3,3
DRL,3.6,3,4,4,3,3,4,4,4,3,3
DS3,,,,,,,,,,,
DSC,2.9,3,3,3,3,3,3,3,2,3,3
DSD,,,,,,,,,,,
DSG,3.5,3,4,4,3,3,4,4,4,3,3
DSN,3.5,3,4,4,3,3,4,4,4,3,3
DSP,3.0,3,3,3,3,3,3,3,3,3,3
DST,,,,,,,,,,,
DSV,,,,,,,,,,,
DTA,,,,,,,,,,,
DTB,,,,,,,,,,,
DTC,,,,,,,,,,,
DTD,3.1,3,4,3,3,3,3,3,3,3,3
DTE,,,,,,,,,,,
DTG,,,,,,,,,,,
DTH,,,,,,,,,,,
DTI,3.5,3,4,4,3,3,4,4,4,3,3
DTK,3.1,3,3,3,3,3,3,3,4,3,3
DTL,2.6,3,2,2,2,3,3,3,3,3,2
DTN,,,,,,,,,,,
DTP,,,,,,,,,,,
DTT,,,,,,,,,,,
DTV,,,,,,,,,,,
DUS,,,,,,,,,,,
DVC,,,,,,,,,,,
DVG,,,,,,,,,,,
DVM,,,,,,,,,,,
DVN,3.0,3,3,3,3,3,3,3,3,3,3
DVP,3.6,4,4,4,4,3,3,3,3,4,4
DVW,3.5,3,4,4,3,3,4,4,4,3,3
DWC,,,,,,,,,,,
DWS,3.3,3,3,3,3,3,4,4,4,3,3
DXG,3.0,3,3,3,3,3,3,3,3,3,3
DXL,,,,,,,,,,,
DXP,3.5,3,4,4,3,3,4,4,4,3,3
DXS,3.0,3,3,3,3,3,3,3,3,3,3
DXV,,,,,,,,,,,
DZM,,,,,,,,,,,
E12,,,,,,,,,,,
E29,,,,,,,,,,,
EBS,,,,,,,,,,,
ECI,,,,,,,,,,,
EFI,,,,,,,,,,,
EIB,3.3,3,3,3,4,3,3,4,3,4,3
EIC,3.1,3,4,3,3,3,4,3,4,3,3
EID,3.5,3,4,4,3,3,4,4,4,3,3
EIN,,,,,,,,,,,
ELC,3.0,3,3,3,3,3,3,3,3,3,3
EMC,,,,,,,,,,,
EME,3.5,3,4,4,3,3,4,4,4,3,3
EMG,,,,,,,,,,,
EMS,3.5,3,4,4,3,3,4,4,4,3,3
EPC,,,,,,,,,,,
EPH,,,,,,,,,,,
EVE,3.0,3,3,3,3,3,3,3,3,3,3
EVF,2.9,3,3,3,3,3,3,3,3,3,3
EVG,3.0,3,3,3,3,3,3,3,3,3,3
EVS,3.0,3,3,3,3,3,3,3,3,3,3
FBA,,,,,,,,,,,
FBC,,,,,,,,,,,
FCC,,,,,,,,,,,
FCM,3.5,3,4,4,3,3,4,4,4,3,3
FCN,2.9,3,3,3,3,3,3,3,3,3,3
FCS,3.2,3,3,4,3,3,4,4,4,3,3
FDC,3.0,3,3,3,3,3,3,3,3,3,3
FGL,,,,,,,,,,,
FHN,,,,,,,,,,,
FHS,3.5,3,4,4,3,3,4,4,4,3,3
FIC,3.2,3,3,3,3,3,4,3,4,3,3
FID,,,,,,,,,,,
FIR,3.0,3,3,3,3,3,3,3,3,3,3
FIT,3.4,3,4,4,3,3,4,4,4,3,3
FLC,3.5,3,4,4,3,3,4,4,4,3,3
FMC,3.0,3,3,3,3,3,3,3,3,3,3
FOC,4.0,4,4,4,4,4,4,4,5,4,4
FOX,3.9,4,4,4,4,4,4,4,4,4,4
FPT,3.0,3,3,3,3,3,3,3,3,3,3
FRC,,,,,,,,,,,
FRM,,,,,,,,,,,
FRT,3.9,4,4,3,4,4,4,4,4,4,4
FSO,,,,,,,,,,,
FT1,3.5,3,4,4,3,3,4,4,4,3,3
FTI,,,,,,,,,,,
FTM,3.5,3,4,4,3,3,4,4,4,3,3
FTS,3.0,3,3,3,3,3,3,3,3,3,3
FUCTVGF4,,,,,,,,,,,
FUEDCMID,,,,,,,,,,,
FUEKIV30,,,,,,,,,,,
FUESSV30,,,,,,,,,,,
FUESSVFL,,,,,,,,,,,
FUEVN100,,,,,,,,,,,
G20,,,,,,,,,,,
G36,3.5,3,5,3,4,4,3,3,4,4,3
GAB,3.0,3,3,3,3,3,3,3,3,3,3
GAS,3.0,3,3,3,3,3,3,3,3,3,3
GCB,,,,,,,,,,,
GDT,3.0,3,3,3,3,3,3,3,3,3,3
GDW,3.4,3,4,3,3,3,4,4,4,3,3
GE2,,,,,,,,,,,
GEE,,,,,,,,,,,
GEG,4.0,4,4,4,4,4,4,4,4,4,4
GER,,,,,,,,,,,
GEX,3.6,3,4,3,4,4,4,4,4,3,3
GGG,,,,,,,,,,,
GH3,,,,,,,,,,,
GHC,3.8,4,3,4,4,4,4,4,3,4,4
GIC,,,,,,,,,,,
GIL,3.0,3,3,3,3,3,3,3,3,3,3
GKM,3.6,4,4,4,4,4,4,4,4,3,3
GLC,,,,,,,,,,,
GLT,3.4,3,4,4,3,3,4,4,4,3,3
GLW,,,,,,,,,,,
GMA,,,,,,,,,,,
GMC,3.0,3,3,3,3,3,3,3,3,3,3
GMD,4.3,5,4,4,4,4,5,4,5,4,4
GMH,,,,,,,,,,,
GMX,,,,,,,,,,,
GND,3.5,3,4,4,3,3,4,4,4,3,3
GSM,3.4,4,4,4,3,3,4,3,4,3,4
GSP,3.0,3,3,3,3,3,3,3,3,3,3
GTA,,,,,,,,,,,
GTD,,,,,,,,,,,
GTH,,,,,,,,,,,
GTS,3.5,3,4,4,3,3,4,4,4,3,3
GTT,,,,,,,,,,,
GVR,4.0,4,4,5,4,3,4,4,5,4,3
GVT,3.5,3,4,4,3,3,4,4,4,3,3
H11,,,,,,,,,,,
HAC,,,,,,,,,,,
HAD,,,,,,,,,,,
HAF,3.3,3,4,4,3,3,4,4,4,3,3
HAG,3.0,3,3,3,3,3,3,3,3,3,3
HAH,4.5,5,5,5,3,3,5,5,5,5,4
HAI,3.0,3,3,3,3,3,3,3,3,3,3
HAM,,,,,,,,,,,
HAN,2.6,2,2,2,3,3,3,3,2,3,3
HAP,3.0,3,3,3,3,3,3,3,3,3,3
HAR,3.0,3,3,3,3,3,3,3,3,3,3
HAS,,,,,,,,,,,
HAT,,,,,,,,,,,
HAV,,,,,,,,,,,
HAX,3.3,4,3,3,4,3,4,4,4,3,3
HBC,3.0,3,3,3,3,3,3,3,3,3,3
HBD,,,,,,,,,,,
HBH,,,,,,,,,,,
HBS,,,,,,,,,,,
HC1,,,,,,,,,,,
HC3,3.0,3,3,3,3,3,3,3,3,3,3
HCB,,,,,,,,,,,
HCC,,,,,,,,,,,
HCD,,,,,,,,,,,
HCI,,,,,,,,,,,
HCM,3.0,3,3,3,3,3,3,3,3,3,3
HCT,,,,,,,,,,,
HD2,,,,,,,,,,,
HD6,,,,,,,,,,,
HD8,,,,,,,,,,,
HDA,,,,,,,,,,,
HDB,3.0,3,3,3,3,3,3,3,3,3,3
HDC,3.7,4,4,4,4,4,4,4,3,3,3
HDG,3.0,3,3,3,3,3,3,3,3,3,3
HDM,3.0,3,3,3,3,3,3,3,3,3,3
HDO,,,,,,,,,,,
HDP,,,,,,,,,,,
HDW,3.5,3,4,4,3,3,4,4,4,3,3
HEC,,,,,,,,,,,
HEJ,,,,,,,,,,,
HEM,3.5,3,4,4,3,3,4,4,4,3,3
HEP,,,,,,,,,,,
HES,,,,,,,,,,,
HEV,,,,,,,,,,,
HFB,,,,,,,,,,,
HFC,3.5,3,4,4,3,3,4,4,4,3,3
HFX,,,,,,,,,,,
HGM,3.5,3,4,4,3,3,4,4,4,3,3
HGT,,,,,,,,,,,
HGW,3.5,3,4,4,3,3,4,4,4,3,3
HHC,3.0,3,3,3,3,3,3,3,3,3,3
HHG,,,,,,,,,,,
HHN,,,,,,,,,,,
HHP,,,,,,,,,,,
HHR,,,,,,,,,,,
HHS,2.9,3,4,4,3,3,3,2,2,3,2
HHV,3.0,3,3,3,3,3,3,3,3,3,3
HID,,,,,,,,,,,
HIG,,,,,,,,,,,
HII,3.0,3,3,3,3,3,3,3,3,3,3
HIZ,,,,,,,,,,,
HJC,,,,,,,,,,,
HJS,3.0,3,3,3,3,3,3,3,3,3,3
HKB,,,,,,,,,,,
HKP,,,,,,,,,,,
HKT,,,,,,,,,,,
HLA,,,,,,,,,,,
HLB,3.5,3,4,4,3,3,4,4,4,3,3
HLC,,,,,,,,,,,
HLD,3.0,3,3,3,3,3,3,3,3,3,3
HLG,3.5,3,4,4,3,3,4,4,4,3,3
HLR,,,,,,,,,,,
HLS,3.3,3,3,3,3,3,3,3,4,4,4
HLT,,,,,,,,,,,
HLY,,,,,,,,,,,
HMC,3.0,3,3,3,3,3,3,3,3,3,3
HMG,,,,,,,,,,,
HMH,,,,,,,,,,,
HMR,,,,,,,,,,,
HMS,3.2,3,4,4,3,3,4,3,3,3,3
HNA,4.6,5,5,5,5,4,5,5,4,5,3
HNB,,,,,,,,,,,
HND,3.3,3,4,4,4,4,3,2,4,2,4
HNF,3.5,3,4,4,3,3,4,4,4,3,3
HNG,3.0,3,3,3,3,3,3,3,3,3,3
HNI,3.0,3,3,3,3,3,3,3,3,3,3
HNM,,,,,,,,,,,
HNP,,,,,,,,,,,
HNR,3.5,3,4,4,3,3,4,4,4,3,3
HOM,3.5,3,4,4,3,3,4,4,4,3,3
HOT,3.3,3,4,4,3,3,4,4,4,3,3
HPB,,,,,,,,,,,
HPD,,,,,,,,,,,
HPG,4.4,5,5,5,5,5,5,2,5,2,5
HPH,,,,,,,,,,,
HPI,3.5,3,4,4,3,3,4,4,4,3,3
HPM,,,,,,,,,,,
HPP,3.5,3,4,4,3,3,4,4,4,3,3
HPT,,,,,,,,,,,
HPW,3.5,3,4,4,3,3,4,4,4,3,3
HPX,3.0,3,3,3,3,3,3,3,3,3,3
HQC,2.5,1,3,3,2,3,3,2,2,3,3
HRB,3.5,3,4,4,3,3,4,4,4,3,3
HRC,2.6,2,3,2,2,2,3,3,3,3,3
HRT,3.5,3,4,4,3,3,4,4,4,3,3
HSA,3.5,3,4,4,3,3,4,4,4,3,3
HSG,4.1,4,4,4,5,4,4,5,4,4,4
HSI,,,,,,,,,,,
HSL,,,,,,,,,,,
HSM,2.6,2,2,2,3,3,3,2,3,3,3
HSP,,,,,,,,,,,
HSV,,,,,,,,,,,
HT1,3.0,3,3,3,3,3,3,3,3,3,3
HTC,3.5,3,4,4,3,3,4,4,4,3,3
HTE,,,,,,,,,,,
HTG,3.0,3,3,3,3,3,3,3,3,3,3
HTI,3.5,3,4,4,3,3,4,4,4,3,4
HTL,3.5,3,4,4,3,3,4,4,4,3,3
HTM,3.5,3,4,4,3,3,4,4,4,3,3
HTN,3.0,3,3,3,3,3,3,3,3,3,3
HTP,3.1,3,4,3,2,2,3,3,3,3,5
HTR,,,,,,,,,,,
HTT,,,,,,,,,,,
HTV,3.5,3,4,4,3,3,4,4,4,3,3
HTW,3.5,3,4,4,3,3,4,4,4,3,3
HU1,,,,,,,,,,,
HU3,,,,,,,,,,,
HU4,,,,,,,,,,,
HU6,,,,,,,,,,,
HUB,3.0,3,3,3,3,3,3,3,3,3,3
HUG,3.0,3,3,3,3,3,3,3,3,3,3
HUT,3.0,3,3,3,3,3,3,3,3,3,3
HVA,,,,,,,,,,,
HVG,3.5,3,4,4,3,3,4,4,4,3,3
HVH,3.5,3,4,4,3,3,4,4,4,3,3
HVN,3.0,3,3,3,3,3,3,3,3,3,3
HVT,3.4,3,4,4,3,3,4,3,4,3,3
HVX,,,,,,,,,,,
HWS,3.0,3,3,3,3,3,3,3,3,3,3
IBC,2.8,2,3,3,3,3,3,2,3,3,3
IBD,,,,,,,,,,,
IBN,,,,,,,,,,,
ICC,,,,,,,,,,,
ICF,,,,,,,,,,,
ICG,2.9,3,4,3,3,3,3,2,3,2,3
ICI,,,,,,,,,,,
ICN,3.5,3,4,4,3,3,4,4,4,3,3
ICT,3.0,3,3,3,3,3,3,3,3,3,3
IDC,3.5,4,4,4,3,3,4,4,4,4,4
IDI,3.0,3,3,3,3,3,3,3,3,3,3
IDJ,3.0,3,3,3,3,3,3,3,3,3,3
IDP,3.5,4,4,3,4,5,3,3,3,3,3
IDV,3.0,3,3,3,3,3,3,3,3,3,3
IFS,3.5,3,4,4,3,3,4,4,4,3,3
IHK,,,,,,,,,,,
IJC,3.0,3,3,3,3,3,3,3,3,3,3
ILA,,,,,,,,,,,
ILB,3.7,4,4,4,3,3,4,4,3,4,4
ILC,,,,,,,,,,,
ILS,3.5,3,4,4,3,3,4,4,4,3,3
IME,,,,,,,,,,,
IMP,3.0,3,3,3,3,3,3,3,3,3,3
IN4,,,,,,,,,,,
INC,,,,,,,,,,,
INN,3.0,3,3,3,3,3,3,3,3,3,3
IPA,3.0,3,3,3,3,3,3,3,3,3,3
IRC,,,,,,,,,,,
ISG,,,,,,,,,,,
ISH,3.0,3,3,3,3,3,3,3,3,3,3
IST,3.5,3,4,4,3,3,4,4,4,3,3
ITA,3.1,3,2,3,4,3,4,3,3,3,3
ITC,3.0,3,3,3,3,3,3,3,3,3,3
ITD,3.5,3,4,4,3,3,4,4,4,3,3
ITQ,,,,,,,,,,,
ITS,,,,,,,,,,,
IVS,2.9,3,3,3,3,3,3,3,2,3,3
JOS,,,,,,,,,,,
JVC,2.3,1,1,2,2,2,3,3,3,3,3
KAC,3.5,3,4,4,3,3,4,4,4,3,3
KBC,3.4,3,3,3,3,3,4,4,4,4,4
KCB,,,,,,,,,,,
KCE,,,,,,,,,,,
KDC,3.0,3,3,3,3,3,3,3,3,3,3
KDH,3.0,3,3,3,3,3,3,3,3,3,3
KDM,,,,,,,,,,,
KGM,2.9,3,4,3,3,3,3,2,2,3,3
KHA,3.3,3,4,4,3,3,4,4,3,3,3
KHD,,,,,,,,,,,
KHG,3.0,3,3,3,3,3,3,3,3,3,3
KHL,,,,,,,,,,,
KHP,3.0,3,3,3,3,3,3,3,3,3,3
KHS,,,,,,,,,,,
KHW,3.5,3,4,4,3,3,4,4,4,3,3
KIP,3.5,3,4,4,3,3,4,4,4,3,3
KKC,,,,,,,,,,,
KLB,3.3,3,3,3,4,4,3,3,3,4,4
KLF,3.5,3,4,4,3,3,4,4,4,3,3
KLM,,,,,,,,,,,
KMR,3.0,3,3,3,3,3,3,3,3,3,3
KMT,,,,,,,,,,,
KOS,2.8,2,2,3,3,3,3,3,3,3,3
KPF,3.0,3,3,3,3,3,3,3,3,3,3
KSB,3.0,3,3,3,3,3,3,3,3,3,3
KSD,,,,,,,,,,,
KSF,,,,,,,,,,,
KSH,,,,,,,,,,,
KSK,,,,,,,,,,,
KSQ,,,,,,,,,,,
KSS,,,,,,,,,,,
KST,,,,,,,,,,,
KSV,3.8,4,3,3,3,3,4,5,5,5,3
KTC,3.5,3,4,4,3,3,4,4,4,3,3
KTL,3.5,3,4,4,3,3,4,4,4,3,3
KTS,,,,,,,,,,,
KTT,,,,,,,,,,,
KTU,,,,,,,,,,,
KVC,,,,,,,,,,,
L10,3.0,3,3,3,3,3,3,3,3,3,3
L12,,,,,,,,,,,
L14,3.5,3,4,4,3,3,4,4,4,3,3
L18,,,,,,,,,,,
L35,,,,,,,,,,,
L40,,,,,,,,,,,
L43,,,,,,,,,,,
L44,,,,,,,,,,,
L45,,,,,,,,,,,
L61,3.5,3,4,4,3,3,4,4,4,3,3
L62,,,,,,,,,,,
L63,,,,,,,,,,,
LAF,,,,,,,,,,,
LAI,,,,,,,,,,,
LAS,2.9,3,3,3,3,3,3,3,3,3,3
LAW,,,,,,,,,,,
LBC,,,,,,,,,,,
LBE,,,,,,,,,,,
LBM,3.5,3,4,4,3,3,4,4,4,3,3
LCC,,,,,,,,,,,
LCD,,,,,,,,,,,
LCG,3.5,3,3,4,3,3,4,4,4,4,3
LCM,,,,,,,,,,,
LCS,,,,,,,,,,,
LCW,3.5,3,4,4,3,3,4,4,4,3,3
LDG,3.0,3,3,3,3,3,3,3,3,3,3
LDP,3.5,3,4,4,3,3,4,4,4,3,3
LDW,3.0,3,3,3,3,3,3,3,3,3,3
LEC,3.5,3,4,4,3,3,4,4,4,3,3
LG9,,,,,,,,,,,
LGC,3.7,3,3,4,4,4,4,4,4,4,3
LGL,3.5,3,4,4,3,3,4,4,4,3,3
LGM,,,,,,,,,,,
LHC,3.5,3,4,4,3,3,4,4,4,3,3
LHG,3.5,4,3,4,3,3,4,4,3,4,3
LIC,3.0,3,3,3,3,3,3,3,3,3,3
LIG,3.2,3,4,3,3,3,3,4,3,3,3
LIX,3.0,3,3,3,3,3,3,3,3,3,3
LKW,,,,,,,,,,,
LLM,2.7,2,3,3,2,2,3,3,3,3,3
LM3,,,,,,,,,,,
LM7,,,,,,,,,,,
LM8,3.5,3,4,4,3,3,4,4,4,3,3
LMC,,,,,,,,,,,
LMH,3.5,3,4,4,3,3,4,4,4,3,3
LMI,,,,,,,,,,,
LNC,,,,,,,,,,,
LO5,,,,,,,,,,,
LPB,3.0,3,3,3,3,3,3,3,3,3,3
LPT,,,,,,,,,,,
LQN,,,,,,,,,,,
LSG,,,,,,,,,,,
LSS,3.0,3,3,3,3,3,3,3,3,3,3
LTC,,,,,,,,,,,
LTG,3.0,3,3,3,3,3,3,3,3,3,3
LUT,,,,,,,,,,,
LWS,,,,,,,,,,,
M10,3.0,3,3,3,3,3,3,3,3,3,3
MA1,,,,,,,,,,,
MAC,,,,,,,,,,,
MAS,3.5,3,4,4,3,3,4,4,4,3,3
MBB,4.0,4,4,5,5,4,5,4,5,4,3
MBG,3.4,3,4,4,3,3,4,4,3,3,3
MBN,,,,,,,,,,,
MBS,3.0,3,3,3,3,3,3,3,3,3,3
MCC,,,,,,,,,,,
MCD,,,,,,,,,,,
MCF,,,,,,,,,,,
MCG,,,,,,,,,,,
MCH,4.5,5,5,5,5,5,5,5,5,4,4
MCI,,,,,,,,,,,
MCM,3.9,4,4,5,4,4,4,4,4,4,4
MCO,,,,,,,,,,,
MCP,3.5,3,4,4,3,3,4,4,4,3,3
MCT,,,,,,,,,,,
MDA,,,,,,,,,,,
MDC,,,,,,,,,,,
MDF,3.2,3,3,3,3,3,4,3,4,3,3
MDG,,,,,,,,,,,
MEC,,,,,,,,,,,
MED,,,,,,,,,,,
MEF,,,,,,,,,,,
MEL,,,,,,,,,,,
MES,,,,,,,,,,,
MFS,3.5,3,4,4,3,3,4,4,4,3,3
MGC,,,,,,,,,,,
MGG,3.5,3,4,4,3,3,4,4,4,3,3
MGR,,,,,,,,,,,
MH3,3.3,4,4,3,3,3,3,4,3,3,3
MHC,,,,,,,,,,,
MHL,,,,,,,,,,,
MIC,,,,,,,,,,,
MIE,3.2,3,3,3,3,3,4,3,4,3,3
MIG,3.4,3,4,3,4,3,3,3,3,4,4
MIM,,,,,,,,,,,
MKP,3.2,3,4,4,3,3,3,3,3,3,3
MKV,,,,,,,,,,,
MLC,,,,,,,,,,,
MLS,,,,,,,,,,,
MML,3.0,3,3,3,3,3,3,3,3,3,3
MNB,3.4,3,4,4,3,3,4,4,4,3,3
MND,,,,,,,,,,,
MPC,3.0,3,3,3,3,3,3,3,3,3,3
MPT,,,,,,,,,,,
MPY,,,,,,,,,,,
MQB,,,,,,,,,,,
MQN,,,,,,,,,,,
MRF,,,,,,,,,,,
MSB,3.0,3,3,3,3,3,3,3,3,3,3
MSH,3.1,3,3,3,4,3,3,3,3,3,3
MSN,4.0,4,4,4,4,4,4,4,4,4,4
MSR,3.0,3,3,3,3,3,3,3,3,3,3
MST,3.0,3,3,3,3,3,3,3,3,3,3
MTA,3.0,3,3,3,3,3,3,3,3,3,3
MTB,,,,,,,,,,,
MTC,,,,,,,,,,,
MTG,,,,,,,,,,,
MTH,,,,,,,,,,,
MTL,,,,,,,,,,,
MTP,,,,,,,,,,,
MTS,3.5,3,4,4,3,3,4,4,4,3,3
MTV,,,,,,,,,,,
MVB,3.9,4,4,4,3,3,4,5,4,4,4
MVC,3.2,3,3,3,3,3,4,4,3,3,3
MVN,2.9,2,3,3,3,3,3,3,3,3,3
MWG,3.0,3,3,3,3,3,3,3,3,3,3
NAB,3.3,3,3,3,4,3,3,4,3,4,3
NAC,,,,,,,,,,,
NAF,3.2,3,4,3,4,4,4,3,3,3,3
NAG,,,,,,,,,,,
NAP,3.5,3,4,4,3,3,4,4,4,3,3
NAS,3.5,3,4,4,3,3,4,4,4,3,3
NAU,,,,,,,,,,,
NAV,,,,,,,,,,,
NAW,3.5,3,4,4,3,3,4,4,4,3,3
NBB,3.0,3,3,3,3,3,3,3,3,3,3
NBC,3.2,3,3,3,3,3,3,3,3,5,3
NBE,,,,,,,,,,,
NBP,,,,,,,,,,,
NBT,,,,,,,,,,,
NBW,3.5,4,4,3,3,3,4,4,4,3,3
NCS,3.5,3,4,4,3,3,4,4,4,3,3
NCT,3.0,3,3,3,3,3,3,3,3,3,3
ND2,3.0,3,3,3,3,3,3,3,3,3,3
NDC,3.5,3,4,4,3,3,4,4,4,3,3
NDF,,,,,,,,,,,
NDN,3.0,3,3,3,3,3,3,3,3,3,3
NDP,3.5,3,4,4,3,3,4,4,4,3,3
NDT,,,,,,,,,,,
NDW,,,,,,,,,,,
NDX,,,,,,,,,,,
NED,3.5,3,4,4,3,3,4,4,4,3,3
NET,3.0,3,3,3,3,3,3,3,3,3,3
NFC,,,,,,,,,,,
NGC,,,,,,,,,,,
NHA,3.0,3,3,3,3,3,3,3,3,3,3
NHC,,,,,,,,,,,
NHH,3.4,4,4,4,3,3,3,4,4,4,3
NHP,,,,,,,,,,,
NHT,3.5,3,4,4,3,3,4,4,4,3,3
NHV,,,,,,,,,,,
NJC,,,,,,,,,,,
NKG,3.0,3,3,3,3,3,3,3,3,3,3
NLG,3.0,3,3,3,3,3,3,3,3,3,3
NLS,,,,,,,,,,,
NNC,2.7,3,3,3,3,3,3,2,2,3,2
NNG,3.0,3,3,3,3,3,3,3,3,3,3
NNT,3.5,3,4,4,3,3,4,4,4,3,3
NOS,,,,,,,,,,,
NQB,,,,,,,,,,,
NQN,3.2,3,3,4,3,3,3,3,4,3,3
NQT,,,,,,,,,,,
NRC,3.0,3,3,3,3,3,3,3,3,3,3
NS2,3.4,3,4,4,3,3,4,4,4,3,3
NSC,3.2,3,3,3,3,3,3,3,3,3,3
NSG,,,,,,,,,,,
NSH,,,,,,,,,,,
NSL,,,,,,,,,,,
NSS,,,,,,,,,,,
NST,3.4,3,4,4,3,3,4,4,4,3,3
NT2,4.8,5,5,5,5,5,5,5,4,5,4
NTB,,,,,,,,,,,
NTC,3.9,4,4,4,4,4,4,4,4,4,3
NTF,,,,,,,,,,,
NTH,3.1,3,4,3,3,3,3,3,2,3,3
NTL,3.1,3,3,3,3,4,3,3,3,3,3
NTP,3.0,3,3,3,3,3,3,3,3,3,3
NTT,3.3,3,4,4,3,3,4,4,4,3,3
NTW,3.5,3,4,4,3,3,4,4,4,3,3
NUE,,,,,,,,,,,
NVB,3.0,3,3,3,3,3,3,3,3,3,3
NVL,4.2,4,5,4,4,4,5,4,4,5,4
NVP,,,,,,,,,,,
NVT,2.6,2,2,2,2,3,3,3,3,3,3
NWT,,,,,,,,,,,
NXT,,,,,,,,,,,
OCB,3.2,3,3,4,3,3,3,3,3,4,3
OCH,3.5,3,4,4,3,3,4,4,4,3,3
ODE,,,,,,,,,,,
OGC,2.3,2,2,2,2,2,3,3,2,3,2
OIL,3.0,3,3,3,3,3,3,3,3,3,3
ONE,,,,,,,,,,,
ONW,,,,,,,,,,,
OPC,3.0,3,3,3,3,3,3,3,3,3,3
ORS,3.1,3,3,3,3,3,3,3,4,3,3
PAC,3.5,3,3,3,3,3,4,4,5,4,3
PAI,,,,,,,,,,,
PAN,3.5,4,4,4,4,4,3,4,4,4,4
PAP,,,,,,,,,,,
PAS,2.9,3,3,3,3,3,3,3,2,3,3
PAT,,,,,,,,,,,
PBC,3.0,3,3,3,3,3,3,3,3,3,3
PBK,,,,,,,,,,,
PBP,,,,,,,,,,,
PBT,3.5,3,4,4,3,3,4,4,4,3,3
PC1,3.8,4,4,4,3,3,4,4,4,4,4
PCC,,,,,,,,,,,
PCE,,,,,,,,,,,
PCF,,,,,,,,,,,
PCG,3.5,3,4,4,3,3,4,4,4,3,3
PCH,,,,,,,,,,,
PCM,,,,,,,,,,,
PCN,,,,,,,,,,,
PCT,3.5,3,4,4,3,3,4,4,4,3,3
PDB,,,,,,,,,,,
PDC,,,,,,,,,,,
PDN,3.3,3,4,4,3,3,3,3,3,4,3
PDR,3.0,3,3,3,3,3,3,3,3,3,3
PDV,3.4,3,4,3,4,3,3,4,4,3,3
PEC,,,,,,,,,,,
PEG,3.5,3,4,4,3,3,4,4,4,3,3
PEN,,,,,,,,,,,
PEQ,,,,,,,,,,,
PET,3.0,3,3,3,3,3,3,3,3,3,3
PFL,,,,,,,,,,,
PGB,3.0,3,3,3,3,3,3,3,3,3,3
PGC,3.0,3,3,3,3,3,3,3,3,3,3
PGD,3.0,3,3,3,3,3,3,3,3,3,3
PGI,3.0,3,3,3,3,3,3,3,3,3,3
PGN,,,,,,,,,,,
PGS,3.0,3,3,3,3,3,3,3,3,3,3
PGT,,,,,,,,,,,
PGV,4.5,4,4,5,4,4,5,5,5,5,4
PHC,3.5,3,4,4,3,3,4,4,4,3,3
PHH,3.5,3,4,4,3,3,4,4,4,3,3
PHN,,,,,,,,,,,
PHP,3.0,3,3,3,3,3,3,3,3,3,3
PHR,3.8,4,4,4,4,4,4,4,4,4,3
PHS,,,,,,,,,,,
PIA,,,,,,,,,,,
PIC,3.5,3,4,4,3,3,4,4,4,3,3
PID,,,,,,,,,,,
PIS,3.0,3,3,3,3,3,3,3,3,3,3
PIT,,,,,,,,,,,
PIV,,,,,,,,,,,
PJC,3.4,3,4,4,3,3,4,4,4,3,4
PJS,,,,,,,,,,,
PJT,,,,,,,,,,,
PLA,,,,,,,,,,,
PLC,3.0,3,3,3,3,3,3,3,3,3,3
PLE,,,,,,,,,,,
PLO,,,,,,,,,,,
PLP,3.0,3,3,3,3,3,3,3,3,3,3
PLX,3.6,3,4,4,4,3,3,4,4,4,4
PMB,,,,,,,,,,,
PMC,3.4,3,4,4,3,3,4,4,4,3,3
PMG,2.9,2,3,3,3,3,3,3,3,3,3
PMJ,,,,,,,,,,,
PMP,,,,,,,,,,,
PMS,,,,,,,,,,,
PMT,,,,,,,,,,,
PMW,3.5,3,4,4,3,3,4,4,4,3,3
PNC,,,,,,,,,,,
PND,,,,,,,,,,,
PNG,,,,,,,,,,,
PNJ,3.6,3,4,4,4,4,4,3,4,3,3
PNP,3.8,4,4,4,3,3,4,4,4,4,4
PNT,,,,,,,,,,,
POB,,,,,,,,,,,
POM,3.6,3,4,3,4,4,4,4,4,4,3
POS,3.5,3,4,4,3,3,4,4,4,3,3
POT,3.5,3,4,4,3,3,4,4,4,3,3
POV,,,,,,,,,,,
POW,4.3,4,4,4,5,4,5,4,5,4,4
PPC,3.0,3,3,3,3,3,3,3,3,3,3
PPE,,,,,,,,,,,
PPH,3.0,3,3,3,3,3,3,3,3,3,3
PPI,,,,,,,,,,,
PPP,,,,,,,,,,,
PPS,,,,,,,,,,,
PPT,,,,,,,,,,,
PPY,,,,,,,,,,,
PQN,,,,,,,,,,,
PRC,,,,,,,,,,,
PRE,,,,,,,,,,,
PRO,,,,,,,,,,,
PRT,3.0,3,3,3,3,3,3,3,3,3,3
PSB,,,,,,,,,,,
PSC,,,,,,,,,,,
PSD,3.0,3,3,3,3,3,3,3,3,3,3
PSE,,,,,,,,,,,
PSG,,,,,,,,,,,
PSH,3.0,3,3,3,3,3,3,3,3,3,3
PSI,3.0,3,3,3,3,3,3,3,3,3,3
PSL,3.2,3,4,4,3,3,4,3,3,3,3
PSN,3.5,3,4,4,3,3,4,4,4,3,3
PSP,3.5,3,4,4,3,3,4,4,4,3,3
PSW,,,,,,,,,,,
PTB,3.0,3,3,3,3,3,3,3,3,3,3
PTC,,,,,,,,,,,
PTD,,,,,,,,,,,
PTE,,,,,,,,,,,
PTG,,,,,,,,,,,
PTH,,,,,,,,,,,
PTI,3.0,3,3,3,3,3,3,3,3,3,3
PTL,3.0,3,3,3,3,3,3,3,3,3,3
PTN,,,,,,,,,,,
PTO,,,,,,,,,,,
PTP,,,,,,,,,,,
PTS,,,,,,,,,,,
PTT,,,,,,,,,,,
PTV,,,,,,,,,,,
PTX,,,,,,,,,,,
PV2,,,,,,,,,,,
PVA,,,,,,,,,,,
PVB,3.0,3,3,3,3,3,3,3,3,3,3
PVC,3.0,3,3,3,3,3,3,3,3,3,3
PVD,2.9,2,4,3,3,3,3,2,4,3,3
PVE,,,,,,,,,,,
PVG,3.7,3,3,4,3,3,3,5,5,5,3
PVH,,,,,,,,,,,
PVI,3.0,3,3,3,3,3,3,3,3,3,3
PVL,,,,,,,,,,,
PVM,2.8,3,3,3,3,3,3,3,2,3,3
PVO,,,,,,,,,,,
PVP,3.3,3,3,3,4,4,3,3,4,3,3
PVR,,,,,,,,,,,
PVS,3.5,3,4,4,4,4,4,3,4,3,3
PVT,3.3,3,4,3,4,3,3,3,3,3,4
PVV,,,,,,,,,,,
PVX,3.5,3,4,4,3,3,4,4,4,3,3
PVY,,,,,,,,,,,
PWA,,,,,,,,,,,
PWS,3.5,4,4,4,3,3,4,4,3,3,3
PX1,,,,,,,,,,,
PXA,,,,,,,,,,,
PXC,,,,,,,,,,,
PXI,,,,,,,,,,,
PXL,3.0,3,3,3,3,3,3,3,3,3,3
PXM,,,,,,,,,,,
PXS,3.0,3,3,3,3,3,3,3,3,3,3
PXT,,,,,,,,,,,
QBS,3.0,3,3,3,3,3,3,3,3,3,3
QCC,,,,,,,,,,,
QCG,3.0,3,3,3,3,3,3,3,3,3,3
QHD,,,,,,,,,,,
QHW,,,,,,,,,,,
QLT,,,,,,,,,,,
QNC,,,,,,,,,,,
QNS,3.0,3,3,3,3,3,3,3,3,3,3
QNT,,,,,,,,,,,
QNU,,,,,,,,,,,
QNW,,,,,,,,,,,
QPH,3.0,3,3,3,3,3,3,3,3,3,3
QSP,,,,,,,,,,,
QST,,,,,,,,,,,
QTC,,,,,,,,,,,
QTP,3.0,3,3,3,3,3,3,3,3,3,3
RAL,3.0,3,3,3,3,3,3,3,3,3,3
RAT,,,,,,,,,,,
RBC,,,,,,,,,,,
RCC,3.5,3,4,4,3,3,4,4,4,3,3
RCD,,,,,,,,,,,
RCL,,,,,,,,,,,
RDP,3.5,3,4,4,3,3,4,4,4,3,3
REE,4.2,4,5,4,5,5,4,4,4,4,4
RGC,3.5,3,4,4,3,3,4,4,4,3,3
RIC,3.5,3,4,4,3,3,4,4,4,3,3
ROS,3.0,3,3,3,3,3,3,3,3,3,3
RTB,3.5,4,4,3,4,4,3,4,3,3,3
S12,,,,,,,,,,,
S27,,,,,,,,,,,
S4A,3.0,3,3,3,3,3,3,3,3,3,3
S55,3.5,3,4,4,3,3,4,4,4,3,3
S72,,,,,,,,,,,
S74,,,,,,,,,,,
S96,,,,,,,,,,,
S99,3.7,5,3,3,3,3,4,5,4,4,3
SAB,3.0,3,3,3,3,3,3,3,3,3,3
SAC,,,,,,,,,,,
SAF,3.3,3,4,4,3,3,4,4,4,3,3
SAL,,,,,,,,,,,
SAM,3.1,2,3,2,3,3,4,3,4,4,3
SAP,,,,,,,,,,,
SAS,3.0,3,3,3,3,3,3,3,3,3,3
SAV,3.0,3,3,3,3,3,3,3,3,3,3
SB1,,,,,,,,,,,
SBA,4.3,5,5,5,3,3,5,5,3,5,4
SBD,,,,,,,,,,,
SBH,3.0,3,3,3,3,3,3,3,3,3,3
SBL,3.5,3,4,4,3,3,4,4,4,3,3
SBM,3.0,3,3,3,3,3,3,3,3,3,3
SBR,2.9,3,3,3,3,3,3,3,2,3,3
SBS,2.2,2,2,2,2,2,2,3,2,3,2
SBT,4.2,4,4,4,4,4,4,5,5,4,4
SBV,3.0,3,3,3,3,3,3,3,3,3,3
SC5,3.5,3,4,4,3,3,4,4,4,3,3
SCC,,,,,,,,,,,
SCD,3.0,3,3,3,3,3,3,3,3,3,3
SCG,3.0,3,3,3,3,3,3,3,3,3,3
SCI,3.6,5,3,3,3,3,4,5,4,4,3
SCJ,,,,,,,,,,,
SCL,,,,,,,,,,,
SCO,,,,,,,,,,,
SCR,3.0,3,3,3,3,3,3,3,3,3,3
SCS,3.0,3,3,3,3,3,3,3,3,3,3
SCY,2.6,2,3,2,3,3,2,2,3,3,3
SD1,,,,,,,,,,,
SD2,,,,,,,,,,,
SD3,,,,,,,,,,,
SD4,,,,,,,,,,,
SD5,,,,,,,,,,,
SD6,,,,,,,,,,,
SD7,,,,,,,,,,,
SD8,,,,,,,,,,,
SD9,3.5,3,4,4,3,3,4,4,4,3,3
SDA,,,,,,,,,,,
SDB,,,,,,,,,,,
SDC,,,,,,,,,,,
SDD,,,,,,,,,,,
SDG,,,,,,,,,,,
SDJ,,,,,,,,,,,
SDK,,,,,,,,,,,
SDN,,,,,,,,,,,
SDP,,,,,,,,,,,
SDT,,,,,,,,,,,
SDU,3.5,3,4,4,3,3,4,4,4,3,3
SDV,,,,,,,,,,,
SDX,,,,,,,,,,,
SDY,,,,,,,,,,,
SEA,3.0,3,3,3,3,3,3,3,3,3,3
SEB,3.0,3,3,3,3,3,3,3,3,3,3
SED,,,,,,,,,,,
SEP,,,,,,,,,,,
SFC,3.5,3,4,4,3,3,4,4,4,3,3
SFG,3.1,3,3,3,3,3,3,4,2,4,3
SFI,3.0,3,3,3,3,3,3,3,3,3,3
SFN,,,,,,,,,,,
SGB,3.2,3,3,3,3,3,3,4,3,4,4
SGC,3.5,3,4,4,3,3,4,4,4,3,3
SGD,,,,,,,,,,,
SGH,2.8,3,4,4,3,3,3,2,1,2,3
SGI,3.0,3,3,3,3,3,3,3,3,3,3
SGN,3.0,3,3,3,3,3,3,3,3,3,3
SGO,,,,,,,,,,,
SGP,3.0,3,3,3,3,3,3,3,3,3,3
SGR,3.0,3,3,3,3,3,3,3,3,3,3
SGS,3.5,3,4,4,3,3,4,4,4,3,3
SGT,3.5,3,4,4,3,3,4,4,4,4,4
SHA,,,,,,,,,,,
SHB,3.3,4,4,4,4,4,3,3,3,3,3
SHC,,,,,,,,,,,
SHE,,,,,,,,,,,
SHG,,,,,,,,,,,
SHI,3.3,4,4,3,3,3,3,3,4,3,3
SHN,3.0,3,3,3,3,3,3,3,3,3,3
SHP,3.7,4,4,4,3,3,4,5,3,3,4
SHS,3.0,3,3,3,3,3,3,3,3,3,3
SHX,,,,,,,,,,,
SIC,2.5,3,2,2,3,3,3,2,3,2,2
SID,3.0,3,3,3,3,3,3,3,3,3,3
SIG,,,,,,,,,,,
SII,3.5,3,4,4,3,3,4,4,4,3,3
SIP,3.0,3,3,3,3,3,3,3,3,3,3
SIV,,,,,,,,,,,
SJ1,3.5,3,4,4,3,3,4,4,4,3,3
SJC,,,,,,,,,,,
SJD,4.2,4,5,5,4,3,5,4,4,5,3
SJE,3.5,3,4,4,3,3,4,4,4,3,3
SJF,3.0,3,3,3,3,3,3,3,3,3,3
SJG,3.1,3,3,3,3,3,3,3,4,3,3
SJM,,,,,,,,,,,
SJS,3.1,2,4,3,3,3,3,3,3,4,3
SKG,3.0,3,3,3,3,3,3,3,3,3,3
SKH,3.0,3,3,3,3,3,3,3,3,3,3
SKN,,,,,,,,,,,
SKV,3.0,3,3,3,3,3,3,3,3,3,3
SLS,3.0,3,3,3,3,3,3,3,3,3,3
SMA,3.4,3,4,4,3,3,4,4,4,3,3
SMB,3.0,3,3,3,3,3,3,3,3,3,3
SMC,3.2,3,3,3,4,3,3,3,3,4,3
SMN,,,,,,,,,,,
SMT,,,,,,,,,,,
SNC,,,,,,,,,,,
SNZ,3.8,4,3,3,3,4,5,4,5,4,3
SP2,,,,,,,,,,,
SPB,3.5,4,4,4,3,3,4,4,4,3,3
SPC,3.2,3,3,3,3,3,4,3,4,3,3
SPD,,,,,,,,,,,
SPH,,,,,,,,,,,
SPI,,,,,,,,,,,
SPM,,,,,,,,,,,
SPP,,,,,,,,,,,
SPV,,,,,,,,,,,
SQC,1.5,1,1,1,2,1,3,2,1,2,1
SRA,3.5,3,4,4,3,3,4,4,4,3,3
SRB,,,,,,,,,,,
SRC,2.9,2,3,3,3,3,3,3,3,3,3
SRF,3.5,3,4,4,3,3,4,4,4,3,3
SRT,3.4,3,4,4,3,3,4,4,4,3,3
SSB,3.0,3,3,3,3,3,3,3,3,3,3
SSC,3.2,3,3,3,4,3,4,3,3,3,3
SSF,,,,,,,,,,,
SSG,,,,,,,,,,,
SSH,3.0,3,3,3,3,3,3,3,3,3,3
SSI,3.6,4,4,3,4,4,4,3,4,3,3
SSM,,,,,,,,,,,
SSN,2.8,2,3,3,3,3,2,3,3,3,3
ST8,3.5,3,4,4,3,3,4,4,4,3,3
STB,3.6,3,3,4,4,4,4,3,4,4,4
STC,,,,,,,,,,,
STG,3.0,3,3,3,3,3,3,3,3,3,3
STH,,,,,,,,,,,
STK,3.0,3,3,3,3,3,3,3,3,3,3
STL,,,,,,,,,,,
STP,,,,,,,,,,,
STS,,,,,,,,,,,
STT,,,,,,,,,,,
STW,,,,,,,,,,,
SUM,,,,,,,,,,,
SVC,3.5,3,3,3,3,3,4,4,4,4,4
SVD,,,,,,,,,,,
SVG,3.5,3,4,4,3,3,4,4,4,3,3
SVH,,,,,,,,,,,
SVI,4.0,4,4,4,4,3,5,4,5,3,4
SVN,,,,,,,,,,,
SVT,,,,,,,,,,,
SWC,3.0,3,3,3,3,3,3,3,3,3,3
SZB,3.2,3,4,3,3,3,3,4,3,3,3
SZC,3.9,4,4,4,5,4,4,3,4,4,3
SZE,3.5,3,4,4,3,3,4,4,4,3,3
SZG,3.4,3,4,4,3,4,4,3,3,3,3
SZL,3.0,3,3,3,3,3,3,3,3,3,3
TA3,,,,,,,,,,,
TA6,,,,,,,,,,,
TA9,,,,,,,,,,,
TAG,3.0,3,3,3,3,3,3,3,3,3,3
TAN,,,,,,,,,,,
TAR,3.9,4,3,4,4,4,4,3,4,5,4
TAW,,,,,,,,,,,
TB8,,,,,,,,,,,
TBC,3.0,3,3,3,3,3,3,3,3,3,3
TBD,3.3,3,4,4,3,3,4,4,4,3,3
TBH,,,,,,,,,,,
TBR,,,,,,,,,,,
TBT,,,,,,,,,,,
TBX,,,,,,,,,,,
TC6,,,,,,,,,,,
TCB,3.0,3,3,3,3,3,3,3,3,3,3
TCD,3.0,3,3,3,3,3,3,3,3,3,3
TCH,3.1,3,3,4,3,3,3,3,3,3,3
TCI,2.9,3,3,3,3,3,3,3,3,3,3
TCJ,,,,,,,,,,,
TCK,,,,,,,,,,,
TCL,3.3,4,4,4,3,3,3,3,3,3,4
TCM,3.0,3,3,3,3,3,3,3,3,3,3
TCO,3.5,3,4,4,3,3,4,4,4,3,3
TCR,,,,,,,,,,,
TCT,3.5,3,4,4,3,3,4,4,4,3,3
TCW,4.0,4,4,4,4,4,4,4,4,4,4
TDB,3.5,4,4,4,3,3,4,4,4,3,4
TDC,3.0,3,3,3,3,3,3,3,3,3,3
TDF,,,,,,,,,,,
TDG,,,,,,,,,,,
TDH,3.0,3,3,3,3,3,3,3,3,3,3
TDM,3.0,3,3,3,3,3,3,3,3,3,3
TDN,,,,,,,,,,,
TDP,2.8,3,3,3,2,2,3,3,3,3,3
TDS,,,,,,,,,,,
TDT,,,,,,,,,,,
TDW,3.5,3,4,4,3,3,4,4,4,3,3
TED,,,,,,,,,,,
TEG,2.9,3,2,3,3,3,3,3,3,3,3
TEL,,,,,,,,,,,
TET,,,,,,,,,,,
TFC,,,,,,,,,,,
TGG,3.0,3,3,3,3,3,3,3,3,3,3
TGP,,,,,,,,,,,
TH1,,,,,,,,,,,
THB,,,,,,,,,,,
THD,2.1,3,1,3,2,2,2,2,2,3,1
THG,3.0,3,3,3,3,3,3,3,3,3,3
THI,3.0,2,3,3,3,3,4,2,5,2,3
THN,3.5,3,4,4,3,3,4,4,4,3,3
THP,,,,,,,,,,,
THS,,,,,,,,,,,
THT,3.5,3,4,4,3,3,4,4,4,3,3
THU,,,,,,,,,,,
THW,,,,,,,,,,,
TID,3.4,3,4,3,4,3,4,4,3,3,3
TIE,,,,,,,,,,,
TIG,3.0,3,3,3,3,3,3,3,3,3,3
TIN,,,,,,,,,,,
TIP,3.5,3,4,4,4,4,3,4,3,3,3
TIS,2.7,3,1,2,2,3,3,4,3,4,2
TIX,3.0,3,3,3,3,3,3,3,3,3,3
TJC,,,,,,,,,,,
TKA,,,,,,,,,,,
TKC,3.5,3,4,4,3,3,4,4,4,3,3
TKG,,,,,,,,,,,
TKU,3.2,3,3,3,3,3,3,4,3,4,3
TL4,,,,,,,,,,,
TLD,,,,,,,,,,,
TLG,3.0,3,3,3,3,3,3,3,3,3,3
TLH,3.4,4,4,3,3,3,3,4,3,4,3
TLI,,,,,,,,,,,
TLP,3.0,3,3,3,3,3,3,3,3,3,3
TLT,,,,,,,,,,,
TMB,,,,,,,,,,,
TMC,,,,,,,,,,,
TMG,3.3,3,4,4,3,3,4,4,4,3,3
TMP,4.6,5,5,5,4,4,5,5,4,5,4
TMS,3.0,3,3,3,3,3,3,3,3,3,3
TMT,3.3,3,4,3,3,3,4,4,4,3,3
TMW,,,,,,,,,,,
TMX,,,,,,,,,,,
TN1,3.5,3,4,4,3,3,4,4,4,3,3
TNA,3.0,3,3,3,3,3,3,3,3,3,3
TNB,,,,,,,,,,,
TNC,2.8,2,3,3,3,3,3,3,3,3,3
TNG,3.1,3,3,3,3,3,3,3,3,3,3
TNH,3.0,3,3,3,3,3,3,3,3,3,3
TNI,2.3,2,2,1,3,3,3,3,1,3,2
TNM,,,,,,,,,,,
TNP,,,,,,,,,,,
TNS,,,,,,,,,,,
TNT,1.8,2,1,1,2,2,2,3,1,3,1
TNW,,,,,,,,,,,
TOP,,,,,,,,,,,
TOS,3.0,3,3,3,3,3,3,3,3,3,3
TOT,,,,,,,,,,,
TOW,,,,,,,,,,,
TPB,3.7,4,4,4,4,4,4,4,4,3,4
TPC,3.4,3,4,4,3,4,4,3,4,3,3
TPH,,,,,,,,,,,
TPP,3.1,3,3,3,3,3,3,3,4,3,3
TPS,3.5,3,4,4,3,3,4,4,4,3,3
TQN,,,,,,,,,,,
TQW,,,,,,,,,,,
TR1,,,,,,,,,,,
TRA,3.1,3,3,3,3,3,3,3,4,3,3
TRC,3.0,3,3,3,3,3,3,3,3,3,3
TRS,,,,,,,,,,,
TRT,,,,,,,,,,,
TS3,,,,,,,,,,,
TS4,,,,,,,,,,,
TSB,,,,,,,,,,,
TSC,,2,3,4,4,3,3,3,4,3,3
TSD,,,,,,,,,,,
TSG,,,,,,,,,,,
TSJ,3.5,3,4,4,3,3,4,4,4,3,3
TST,,,,,,,,,,,
TTA,4.0,4,4,4,3,4,5,5,3,5,3
TTB,3.2,3,4,4,3,3,4,4,3,3,3
TTC,,,,,,,,,,,
TTD,3.6,3,4,4,4,3,4,4,4,3,3
TTE,3.5,3,4,4,3,3,4,4,4,3,3
TTF,3.0,3,3,3,3,3,3,3,3,3,3
TTG,,,,,,,,,,,
TTH,,,,,,,,,,,
TTL,3.0,3,3,3,3,3,3,3,3,3,3
TTN,3.3,3,4,4,3,3,4,4,4,3,3
TTP,3.5,3,4,4,3,3,4,4,4,3,3
TTS,3.5,3,4,4,3,3,4,4,4,3,3
TTT,3.5,3,4,4,3,3,4,4,4,3,3
TTZ,,,,,,,,,,,
TUG,,,,,,,,,,,
TV1,3.2,3,4,4,3,3,4,4,4,3,3
TV2,4.2,4,5,4,4,4,5,3,5,3,5
TV3,3.5,3,4,4,3,3,4,4,4,4,3
TV4,3.5,3,4,4,3,3,4,4,4,3,3
TV6,,,,,,,,,,,
TVA,,,,,,,,,,,
TVB,2.8,3,3,3,3,2,3,3,2,3,3
TVC,2.5,3,2,3,2,2,3,3,2,3,2
TVD,3.0,3,3,3,3,3,3,3,3,3,3
TVG,,,,,,,,,,,
TVH,,,,,,,,,,,
TVM,,,,,,,,,,,
TVN,2.8,2,2,2,3,3,4,2,5,2,3
TVP,3.5,3,4,4,3,3,4,4,4,3,3
TVS,3.0,3,3,3,3,3,3,3,3,3,3
TVT,3.0,3,3,3,3,3,3,3,3,3,3
TVW,3.5,3,4,4,3,3,4,4,4,3,3
TW3,,,,,,,,,,,
TXM,,,,,,,,,,,
TYA,3.5,3,4,4,3,3,4,4,4,3,3
UCT,,,,,,,,,,,
UDC,,,,,,,,,,,
UDJ,,,,,,,,,,,
UDL,,,,,,,,,,,
UEM,,,,,,,,,,,
UIC,3.5,3,4,4,3,3,4,4,4,3,3
UMC,,,,,,,,,,,
UNI,,,,,,,,,,,
UPC,,,,,,,,,,,
UPH,3.5,3,4,4,3,3,4,4,4,3,3
USC,,,,,,,,,,,
USD,,,,,,,,,,,
V11,,,,,,,,,,,
V12,,,,,,,,,,,
V15,,,,,,,,,,,
V21,3.5,3,4,4,3,3,4,4,4,3,3
VAB,,,,,,,,,,,
VAF,3.5,3,4,4,3,3,4,4,4,3,3
VAT,,,,,,,,,,,
VAV,3.0,3,3,3,3,3,3,3,3,3,3
VBB,3.3,3,3,3,4,4,3,3,3,4,3
VBC,,,,,,,,,,,
VBG,,,,,,,,,,,
VBH,,,,,,,,,,,
VC1,3.4,3,4,4,3,3,4,4,4,3,3
VC2,3.2,3,4,2,3,3,4,3,4,3,3
VC3,3.0,3,3,3,3,3,3,3,3,3,3
VC5,,,,,,,,,,,
VC6,,,,,,,,,,,
VC7,2.9,3,4,4,3,2,3,2,3,3,2
VC9,,,,,,,,,,,
VCA,,,,,,,,,,,
VCB,4.5,5,5,5,5,4,5,4,5,4,4
VCC,,,,,,,,,,,
VCE,,,,,,,,,,,
VCF,3.0,3,3,3,3,3,3,3,3,3,3
VCG,3.0,3,3,3,3,3,3,3,3,3,3
VCI,3.4,4,3,3,4,3,4,3,4,3,3
VCM,,,,,,,,,,,
VCP,3.0,3,3,3,3,3,3,3,3,3,3
VCR,3.0,3,3,3,3,3,3,3,3,3,3
VCS,3.0,3,3,3,3,3,3,3,3,3,3
VCT,,,,,,,,,,,
VCW,3.0,3,3,3,3,3,3,3,3,3,3
VCX,,,,,,,,,,,
VDB,,,,,,,,,,,
VDL,3.5,3,4,4,3,3,4,4,4,3,3
VDN,,,,,,,,,,,
VDP,3.5,3,4,4,3,3,4,4,4,3,4
VDS,2.9,3,3,3,3,3,3,3,2,3,3
VDT,,,,,,,,,,,
VE1,,,,,,,,,,,
VE2,,,,,,,,,,,
VE3,,,,,,,,,,,
VE4,,,,,,,,,,,
VE8,,,,,,,,,,,
VE9,,,,,,,,,,,
VEA,4.0,4,5,5,3,3,3,4,4,4,5
VEC,3.5,3,4,4,3,3,4,4,4,3,3
VEF,3.5,3,5,3,4,4,3,4,3,3,3
VES,,,,,,,,,,,
VET,3.0,3,3,3,3,3,3,3,3,3,3
VFC,2.9,2,3,3,3,3,3,3,3,3,3
VFG,3.3,4,4,4,3,3,3,3,3,3,3
VFR,,,,,,,,,,,
VFS,2.9,3,3,3,3,3,3,3,2,3,3
VGC,3.3,4,4,4,3,3,4,4,4,3,3
VGG,3.0,3,3,3,3,3,3,3,3,3,3
VGI,3.8,3,3,4,4,4,4,4,5,4,3
VGL,3.2,3,4,4,3,3,4,3,3,3,3
VGP,,,,,,,,,,,
VGR,3.4,4,4,4,3,3,3,3,3,3,4
VGS,3.6,4,4,4,4,3,4,3,3,3,4
VGT,3.0,3,3,3,3,3,3,3,3,3,3
VGV,3.5,3,4,4,3,3,4,4,4,3,3
VHC,3.0,3,3,3,3,3,3,3,3,3,3
VHD,,,,,,,,,,,
VHE,3.1,3,4,4,3,3,3,3,2,3,3
VHF,2.9,2,3,3,3,3,3,3,3,3,3
VHG,,,,,,,,,,,
VHH,,,,,,,,,,,
VHL,3.1,3,4,3,3,3,3,3,3,3,3
VHM,3.8,4,4,4,4,4,4,3,4,3,4
VIB,4.1,5,4,4,4,4,5,4,4,4,4
VIC,4.3,3,3,3,5,5,5,5,5,5,4
VID,,,,,,,,,,,
VIE,,,,,,,,,,,
VIF,3.0,3,3,3,3,3,3,3,3,3,3
VIG,,,,,,,,,,,
VIH,,,,,,,,,,,
VIM,,,,,,,,,,,
VIN,3.4,3,4,4,3,3,4,4,4,3,3
VIP,3.5,3,4,4,3,3,4,4,4,3,3
VIR,,,,,,,,,,,
VIT,3.0,3,3,3,3,3,3,3,3,3,3
VIW,3.5,3,4,4,3,3,4,4,4,3,3
VIX,2.6,3,3,3,3,3,3,2,2,2,2
VJC,3.0,3,3,3,3,3,3,3,3,3,3
VKC,,,,,,,,,,,
VKP,,,,,,,,,,,
VLA,,,,,,,,,,,
VLB,3.0,3,3,3,3,3,3,3,3,3,3
VLC,3.5,4,4,4,3,3,3,3,4,4,4
VLF,,,,,,,,,,,
VLG,,,,,,,,,,,
VLP,,,,,,,,,,,
VLW,3.5,3,4,4,3,3,4,4,4,3,3
VMA,,,,,,,,,,,
VMC,3.5,3,4,4,3,3,4,4,4,3,3
VMD,3.5,3,4,4,3,3,4,4,4,3,3
VMG,,,,,,,,,,,
VMS,,,,,,,,,,,
VNA,3.1,3,4,3,3,3,3,3,3,3,3
VNB,2.8,2,4,3,4,3,3,3,1,2,3
VNC,3.5,3,4,4,3,3,4,4,4,3,3
VND,3.4,4,3,3,4,3,4,3,4,3,3
VNE,3.0,3,3,3,3,3,3,3,3,3,3
VNF,3.1,3,3,3,3,3,3,4,3,3,3
VNG,3.2,3,3,3,4,4,3,3,3,3,3
VNH,,,,,,,,,,,
VNI,,,,,,,,,,,
VNL,,,,,,,,,,,
VNM,3.0,3,3,3,3,3,3,3,3,3,3
VNP,,,,,,,,,,,
VNR,3.0,3,3,3,3,3,3,3,3,3,3
VNS,3.1,3,4,3,3,3,3,3,3,3,3
VNT,3.5,3,4,4,3,3,4,4,4,3,3
VNX,,,,,,,,,,,
VNY,,,,,,,,,,,
VOC,3.0,3,3,3,3,3,3,3,3,3,3
VOS,3.0,3,3,3,3,3,3,3,3,3,3
VPA,,,,,,,,,,,
VPB,3.9,5,4,4,5,5,4,4,4,4,3
VPC,,,,,,,,,,,
VPD,3.0,3,3,3,3,3,3,3,3,3,3
VPG,3.0,3,3,3,3,3,3,3,3,3,3
VPH,3.0,3,3,3,3,3,3,3,3,3,3
VPI,3.0,3,3,3,3,3,3,3,3,3,3
VPR,,,,,,,,,,,
VPS,3.5,3,4,4,4,3,4,4,4,3,3
VPW,,,,,,,,,,,
VQC,,,,,,,,,,,
VRC,3.0,3,3,3,3,3,3,3,3,3,3
VRE,3.9,4,4,4,4,4,4,4,4,4,4
VRG,3.0,3,3,3,3,3,3,3,3,3,3
VSA,3.6,3,4,4,4,3,4,4,4,3,3
VSC,3.0,3,3,3,3,3,3,3,3,3,3
VSE,,,,,,,,,,,
VSF,3.5,3,4,4,3,3,4,4,4,3,3
VSG,,,,,,,,,,,
VSH,4.2,5,4,4,3,3,5,5,5,5,3
VSI,3.4,3,4,4,3,3,4,4,4,3,3
VSM,,,,,,,,,,,
VSN,3.0,3,3,3,3,3,3,3,3,3,3
VST,,,,,,,,,,,
VTA,,,,,,,,,,,
VTB,,,,,,,,,,,
VTC,,,,,,,,,,,
VTD,,,,,,,,,,,
VTE,,,,,,,,,,,
VTG,,,,,,,,,,,
VTH,,,,,,,,,,,
VTI,,,,,,,,,,,
VTJ,,,,,,,,,,,
VTK,,,,,,,,,,,
VTL,,,,,,,,,,,
VTM,,,,,,,,,,,
VTO,3.0,3,3,3,3,3,3,3,3,3,3
VTP,3.0,3,3,3,3,3,3,3,3,3,3
VTQ,,,,,,,,,,,
VTR,3.4,3,3,3,3,3,4,4,4,3,3
VTS,,,,,,,,,,,
VTV,3.5,3,4,4,3,3,4,4,4,3,3
VTX,3.4,3,4,4,3,3,4,4,4,3,3
VTZ,,,,,,,,,,,
VUA,,,,,,,,,,,
VVN,3.5,3,4,4,3,3,4,4,4,3,3
VVS,,,,,,,,,,,
VW3,,,,,,,,,,,
VWS,,,,,,,,,,,
VXB,,,,,,,,,,,
VXP,,,,,,,,,,,
VXT,,,,,,,,,,,
WCS,3.6,3,4,4,4,3,4,4,4,3,3
WSB,3.0,3,3,3,3,3,3,3,3,3,3
WSS,2.8,2,3,3,3,3,3,3,2,3,3
WTC,,,,,,,,,,,
X20,,,,,,,,,,,
X26,,,,,,,,,,,
X77,,,,,,,,,,,
XDH,3.5,3,4,4,3,3,4,4,4,3,3
XHC,3.5,3,4,4,3,3,4,4,4,3,3
XLV,,,,,,,,,,,
XMC,3.0,3,3,3,3,3,3,3,3,3,3
XMD,,,,,,,,,,,
XMP,,,,,,,,,,,
XPH,,,,,,,,,,,
YBC,3.5,3,4,4,3,3,4,4,4,3,3
YBM,3.7,4,4,4,3,3,4,4,4,3,4
YEG,2.4,1,2,1,3,3,3,2,3,3,2
YTC,3.5,3,4,4,3,3,4,4,4,3,3
