ticker,industryEn,valuation,pe,pb,ps,evebitda,dividendRate
A32,Footwear,4.0,4,4,5,5,1
AAA,Commodity Chemicals,3.6,3,5,5,3,2
AAM,Farming & Fishing,3.6,4,4,4,4,1
AAS,Investment Services,4.0,5,4,3,5,1
AAT,Clothing & Accessories,4.3,5,5,5,4,1
AAV,Real Estate Holding & Development,2.3,1,5,3,1,1
ABB,Banks,4.3,5,5,,,1
ABC,Mobile Telecommunications,3.5,5,1,5,5,1
ABI,Property & Casualty Insurance,2.1,1,3,3,2,2
ABR,Business Support Services,3.4,4,4,2,4,1
ABS,Specialty Retailers,3.3,4,4,5,2,1
ABT,Farming & Fishing,4.0,5,4,4,3,4
ACB,Banks,2.9,4,3,,,1
ACC,Building Materials & Fixtures,2.1,2,4,2,1,1
ACE,Building Materials & Fixtures,3.5,4,3,5,4,1
ACG,Forestry,3.1,4,3,2,3,3
ACL,Farming & Fishing,4.1,5,4,4,4,3
ACM,General Mining,2.0,1,5,1,1,1
ACS,Heavy Construction,2.3,1,4,5,1,1
ACV,Transportation Services,1.0,1,1,1,1,1
ADC,Publishing,4.3,4,4,5,4,5
ADG,Media Agencies,1.6,2,2,2,1,1
ADP,Building Materials & Fixtures,3.4,3,3,4,3,5
ADS,Clothing & Accessories,4.3,4,4,5,4,5
AFX,Food Retailers & Wholesalers,2.5,3,3,5,1,1
AG1,Clothing & Accessories,4.3,5,4,5,5,1
AGE,Waste & Disposal Services,2.5,2,3,3,3,1
AGF,Farming & Fishing,2.5,5,1,5,1,1
AGG,Real Estate Holding & Development,3.0,3,3,4,3,2
AGM,Food Products,3.5,5,5,5,1,1
AGP,Pharmaceuticals,3.4,3,3,4,3,5
AGR,Investment Services,2.5,3,4,1,2,1
AGX,Food Retailers & Wholesalers,3.9,5,4,4,4,1
AIC,Property & Casualty Insurance,2.3,1,4,5,1,1
ALT,Publishing,3.0,1,5,5,3,1
ALV,Heavy Construction,5.0,5,5,5,5,5
AMC,General Mining,3.8,3,3,5,4,5
AMD,Real Estate Holding & Development,3.5,5,5,5,1,1
AME,Electronic Equipment,2.5,2,4,5,1,1
AMP,Pharmaceuticals,2.8,1,4,5,1,5
AMS,Industrial Suppliers,3.8,4,5,5,3,1
AMV,Medical Equipment,3.9,5,5,2,4,1
ANT,Food Products,3.8,4,4,5,4,1
ANV,Farming & Fishing,3.5,4,3,4,3,4
APC,Biotechnology,3.4,5,5,2,2,1
APF,Food Products,4.3,5,3,5,4,5
APG,Investment Services,3.1,4,4,2,3,1
APH,Containers & Packaging,3.3,1,5,5,3,3
API,Real Estate Holding & Development,3.3,5,3,3,3,1
APL,Industrial Machinery,2.8,2,3,5,3,1
APP,Specialty Chemicals,3.5,4,5,5,2,1
APS,Investment Services,3.4,4,4,2,4,1
APT,Farming & Fishing,3.5,5,1,5,5,1
ARM,Industrial Suppliers,1.4,1,1,3,1,2
ART,Investment Services,4.1,5,5,2,5,1
ASA,Personal Products,1.6,1,3,2,1,1
ASG,Transportation Services,2.6,2,3,2,4,1
ASM,Farming & Fishing,4.0,5,5,5,3,1
ASP,Gas Distribution,3.5,5,5,5,1,1
AST,Specialty Retailers,2.0,5,1,1,1,1
ATA,Farming & Fishing,3.0,5,1,1,5,1
ATB,Heavy Construction,4.0,5,5,1,5,1
ATG,General Mining,4.0,5,5,1,5,1
ATS,Restaurants & Bars,1.6,1,3,2,1,1
AUM,Farming & Fishing,1.8,1,3,3,1,1
AVC,Conventional Electricity,3.6,5,3,1,4,4
AVF,Farming & Fishing,3.5,5,1,5,5,1
B82,Heavy Construction,3.5,3,5,5,3,1
BAB,Banks,2.9,2,3,,,4
BAF,Farming & Fishing,3.3,4,3,5,3,1
BAL,Containers & Packaging,3.8,2,5,5,4,3
BAX,Heavy Construction,3.3,4,2,1,4,5
BBC,Food Products,3.4,4,4,3,3,2
BBH,Containers & Packaging,3.5,3,5,5,3,1
BBM,Brewers,4.1,3,4,5,5,4
BBS,Containers & Packaging,4.1,4,4,5,4,4
BBT,Personal Products,2.3,2,4,3,1,1
BCA,Steel,2.8,1,5,5,2,1
BCB,Coal,4.5,5,5,5,5,1
BCC,Building Materials & Fixtures,3.3,2,4,5,4,1
BCE,Heavy Construction,3.8,5,4,1,5,1
BCF,Food Products,2.6,3,2,2,3,3
BCG,Specialty Finance,4.0,4,5,3,3,5
BCM,Real Estate Holding & Development,1.0,1,1,1,1,1
BCP,Pharmaceuticals,3.9,5,3,4,5,1
BCV,Hotels,2.3,5,2,1,1,1
BDB,Publishing,3.8,4,4,5,2,5
BDG,Clothing & Accessories,4.0,5,3,5,4,3
BDT,Building Materials & Fixtures,2.6,3,3,2,1,5
BDW,Water,3.3,4,3,2,4,2
BED,Publishing,1.9,2,1,2,1,5
BEL,Consumer Electronics,2.5,3,3,1,3,1
BFC,Specialty Chemicals,4.1,4,4,5,4,4
BGW,Water,1.9,1,3,2,1,3
BHA,Conventional Electricity,3.0,4,3,1,4,1
BHC,Building Materials & Fixtures,1.8,1,1,3,3,1
BHG,Soft Drinks,1.6,1,3,2,1,1
BHK,Brewers,2.5,1,3,5,3,1
BHN,Brewers,1.5,1,2,2,1,2
BHP,Brewers,3.3,1,5,5,4,1
BHT,Heavy Construction,3.6,5,1,5,5,2
BIC,Property & Casualty Insurance,2.6,2,3,2,3,3
BID,Banks,2.1,3,2,,,1
BIG,Real Estate Services,2.5,2,4,5,1,1
BII,Real Estate Holding & Development,4.5,5,5,5,5,1
BIO,Pharmaceuticals,1.3,1,2,1,1,1
BKC,General Mining,4.3,5,5,5,4,1
BKG,Personal Products,3.6,4,5,4,3,1
BKH,Food Products,1.9,1,3,4,1,1
BLF,Farming & Fishing,3.5,5,5,5,1,1
BLI,Property & Casualty Insurance,4.6,5,4,4,5,5
BLN,Travel & Tourism,3.0,1,4,5,4,1
BLT,Food Products,2.8,2,4,5,2,1
BLW,Water,1.8,1,3,1,2,1
BMC,General Mining,4.3,4,4,3,5,5
BMD,Waste & Disposal Services,3.8,4,3,5,5,1
BMF,Gas Distribution,3.3,3,3,5,2,5
BMG,Clothing & Accessories,2.1,1,3,4,2,1
BMI,Property & Casualty Insurance,3.1,1,4,4,3,5
BMJ,General Mining,1.5,1,3,1,1,1
BMN,Heavy Construction,3.5,4,4,5,3,1
BMP,Building Materials & Fixtures,3.1,3,3,3,3,4
BMS,Investment Services,3.0,4,3,1,4,1
BMV,Food Products,1.6,1,2,4,1,1
BNA,Food Products,3.9,5,4,5,3,2
BNW,Water,2.9,1,4,2,3,5
BOT,Heavy Construction,2.9,5,4,2,1,1
BPC,Containers & Packaging,3.3,2,5,5,1,5
BQB,Brewers,4.0,5,4,3,5,1
BRC,Commodity Chemicals,4.3,4,4,5,4,5
BRR,Commodity Chemicals,1.8,2,2,1,1,3
BRS,Waste & Disposal Services,3.4,4,3,3,4,2
BSA,Conventional Electricity,3.1,4,3,1,4,2
BSC,Specialty Retailers,1.5,1,3,1,1,1
BSD,Brewers,3.5,4,3,5,4,1
BSG,Travel & Tourism,3.4,5,2,2,5,1
BSH,Brewers,2.9,3,2,2,3,5
BSI,Investment Services,2.4,2,4,1,2,2
BSL,Brewers,4.1,3,4,4,5,5
BSP,Brewers,3.4,1,3,4,5,5
BSQ,Brewers,3.8,4,3,3,4,5
BSR,Exploration & Production,4.3,5,4,5,5,1
BST,Publishing,3.8,3,3,5,4,5
BT1,Specialty Chemicals,2.8,3,4,5,1,1
BT6,Building Materials & Fixtures,3.0,5,1,1,5,1
BTB,Brewers,4.0,5,4,5,4,1
BTD,Building Materials & Fixtures,4.1,4,4,5,4,4
BTG,Containers & Packaging,4.3,5,4,5,5,1
BTH,Electronic Equipment,1.5,1,3,1,1,1
BTN,Building Materials & Fixtures,4.0,5,5,1,5,1
BTP,Conventional Electricity,4.3,5,4,3,4,5
BTS,Building Materials & Fixtures,3.5,3,4,5,4,1
BTT,Broadline Retailers,1.6,1,3,1,1,2
BTU,Waste & Disposal Services,4.0,4,4,5,5,1
BTV,Travel & Tourism,2.0,1,3,5,1,1
BTW,Water,3.4,3,3,3,4,4
BVB,Banks,3.6,3,5,,,1
BVG,Steel,4.3,5,4,5,5,1
BVH,Life Insurance,1.8,1,3,3,1,1
BVL,,,,,,,
BVN,Personal Products,3.3,3,4,3,4,1
BVS,Investment Services,3.1,4,4,2,3,1
BWA,Water,2.8,1,4,3,4,1
BWE,Water,1.9,2,2,1,2,2
BWS,Water,1.9,2,2,1,2,2
BXH,Containers & Packaging,2.8,1,4,5,3,1
C12,Heavy Construction,3.3,4,5,5,1,1
C21,Real Estate Holding & Development,3.0,3,5,1,3,1
C22,Food Products,4.0,4,4,5,5,1
C32,Building Materials & Fixtures,4.3,4,5,5,3,5
C36,Heavy Construction,3.5,5,5,5,1,1
C47,Heavy Construction,3.5,4,4,5,3,1
C4G,Heavy Construction,2.3,2,4,3,1,1
C69,Heavy Construction,2.4,1,5,4,1,1
C71,Heavy Construction,4.0,5,5,5,3,1
C92,Heavy Construction,2.8,2,5,5,1,1
CAB,Broadcasting & Entertainment,3.3,2,3,5,4,3
CAD,Farming & Fishing,3.4,5,1,4,5,1
CAG,Transportation Services,2.6,2,4,2,3,1
CAN,Food Products,3.1,3,3,5,2,4
CAP,Paper,3.5,4,2,3,5,3
CAR,,,,,,,
CAT,Farming & Fishing,3.3,4,3,5,3,1
CAV,Electrical Components & Equipment,3.8,4,3,5,3,5
CBC,Soft Drinks,4.3,5,5,5,4,1
CBI,Steel,4.0,5,4,5,4,1
CBS,Food Products,3.8,5,2,5,5,1
CC1,Heavy Construction,2.8,4,3,3,2,1
CC4,Heavy Construction,1.5,1,3,1,1,1
CCA,Farming & Fishing,4.0,5,4,5,4,1
CCI,Gas Distribution,2.3,1,3,3,1,5
CCL,Real Estate Holding & Development,3.9,5,5,4,3,1
CCM,Building Materials & Fixtures,4.0,4,4,5,5,1
CCP,Transportation Services,4.1,5,3,4,5,3
CCR,Transportation Services,2.1,1,3,1,3,2
CCT,Transportation Services,1.5,1,3,1,1,1
CCV,Heavy Construction,3.3,3,3,5,4,1
CDC,Heavy Construction,3.0,3,3,5,3,1
CDG,Building Materials & Fixtures,4.9,5,5,4,5,5
CDH,Waste & Disposal Services,4.5,5,5,5,5,1
CDN,Transportation Services,2.6,3,2,1,3,4
CDO,Heavy Construction,4.0,5,5,1,5,1
CDP,Pharmaceuticals,2.9,3,3,5,1,4
CDR,Heavy Construction,2.5,1,4,5,2,1
CE1,Industrial Machinery,2.6,3,4,4,1,1
CEG,Heavy Construction,3.0,1,5,5,3,1
CEN,Broadline Retailers,2.5,2,5,3,1,1
CEO,Real Estate Holding & Development,1.6,1,3,1,1,2
CET,Personal Products,2.5,1,5,5,1,1
CFM,Business Training & Employment Agencies,3.5,5,1,5,5,1
CFV,Soft Drinks,2.9,5,3,4,1,1
CGV,Building Materials & Fixtures,4.1,5,5,2,5,1
CH5,Heavy Construction,4.3,4,5,5,5,1
CHC,Building Materials & Fixtures,4.3,5,5,5,4,1
CHP,Conventional Electricity,3.5,4,3,1,4,5
CHS,Multiutilities,3.6,2,4,4,4,5
CI5,Heavy Construction,2.3,1,4,5,1,1
CIA,Transportation Services,3.8,5,4,1,5,1
CID,Heavy Construction,3.4,4,4,2,4,1
CIG,Heavy Construction,1.8,1,4,1,1,1
CII,Heavy Construction,3.0,3,5,3,2,1
CIP,Heavy Construction,4.5,5,5,5,5,1
CJC,Electronic Equipment,1.6,1,2,4,1,1
CKA,Industrial Machinery,3.0,4,3,3,3,1
CKD,Industrial Machinery,3.5,4,3,3,3,5
CKG,Real Estate Services,2.1,3,3,2,1,1
CKV,Telecommunications Equipment,2.8,1,3,5,3,3
CLC,Tobacco,4.0,4,3,5,4,5
CLG,Real Estate Holding & Development,4.3,5,4,5,5,1
CLH,Building Materials & Fixtures,4.3,4,3,5,5,5
CLL,Transportation Services,2.8,3,3,1,4,1
CLM,Coal,4.3,5,3,5,5,3
CLW,Water,3.6,3,3,5,4,4
CLX,Food Products,3.4,4,4,2,4,1
CMC,Automobiles,2.4,1,5,4,1,1
CMD,Building Materials & Fixtures,3.8,3,4,5,3,5
CMF,Food Products,3.8,4,3,5,4,3
CMG,Computer Services,1.8,1,2,3,2,1
CMI,Building Materials & Fixtures,2.9,5,1,2,4,1
CMK,Industrial Machinery,3.5,4,4,5,3,1
CMM,Food Products,3.5,5,1,5,5,1
CMN,Food Products,2.8,2,3,5,2,3
CMP,Transportation Services,3.1,5,4,2,2,1
CMS,Heavy Construction,3.1,4,4,2,3,1
CMT,Software,4.3,5,5,5,4,1
CMV,Broadline Retailers,3.8,4,4,5,4,1
CMW,Water,2.6,2,3,2,4,1
CMX,Farming & Fishing,3.3,3,4,5,3,1
CNA,Farming & Fishing,2.0,5,1,1,1,1
CNC,Pharmaceuticals,3.1,4,2,4,3,3
CNG,Gas Distribution,4.0,4,3,5,5,3
CNN,Heavy Construction,1.9,1,2,4,2,1
CNT,Heavy Construction,3.8,5,3,3,5,1
COM,Specialty Retailers,3.1,1,4,5,3,4
CPA,Soft Drinks,3.3,5,2,1,5,1
CPC,Specialty Chemicals,4.0,3,4,5,4,5
CPH,Specialized Consumer Services,4.5,5,5,5,5,1
CPI,Transportation Services,1.4,2,1,2,1,1
CQN,Farming & Fishing,2.0,2,3,1,1,3
CQT,Building Materials & Fixtures,3.8,5,3,5,4,1
CRC,Building Materials & Fixtures,3.8,4,5,5,3,1
CRE,Real Estate Holding & Development,2.9,4,4,2,2,1
CSC,Heavy Construction,3.9,5,3,4,5,1
CSI,Investment Services,1.0,1,1,1,1,1
CSM,Tires,2.0,1,3,5,1,1
CST,Coal,4.5,5,4,5,5,3
CSV,Specialty Chemicals,4.1,5,3,3,5,4
CT3,Heavy Construction,3.5,2,5,5,4,1
CT6,Heavy Construction,4.0,5,4,5,4,1
CTA,Heavy Construction,4.5,5,5,5,5,1
CTB,Industrial Machinery,4.0,4,4,5,3,5
CTC,Travel & Tourism,4.5,5,5,5,5,1
CTD,Heavy Construction,3.6,5,5,5,1,2
CTF,Automobiles,1.8,1,2,5,1,1
CTG,Banks,3.1,4,3,,,2
CTI,Heavy Construction,3.0,2,5,4,2,2
CTN,Heavy Construction,3.0,5,1,5,3,1
CTP,Soft Drinks,4.5,5,5,5,5,1
CTR,Heavy Construction,2.1,2,1,4,3,1
CTS,Investment Services,2.4,4,3,2,1,1
CTT,Industrial Machinery,3.8,4,3,5,3,5
CTW,Water,2.0,1,3,1,3,1
CTX,Heavy Construction,1.8,1,4,1,1,1
CVN,Medical Equipment,4.1,5,5,2,5,1
CVP,Transportation Services,3.5,5,1,5,5,1
CVT,Building Materials & Fixtures,1.8,1,2,3,2,1
CX8,Heavy Construction,3.0,2,5,5,2,1
CYC,Building Materials & Fixtures,3.5,5,1,5,5,1
D11,Real Estate Holding & Development,3.8,4,5,3,4,1
D2D,Real Estate Holding & Development,3.0,2,4,1,3,5
DAC,Building Materials & Fixtures,3.5,5,1,5,5,1
DAD,Publishing,4.4,4,4,5,5,4
DAE,Publishing,3.8,4,4,5,4,1
DAG,Commodity Chemicals,2.9,2,5,5,1,2
DAH,Hotels,3.5,4,5,3,3,1
DAN,Pharmaceuticals,2.9,3,4,2,2,3
DAP,Containers & Packaging,4.5,5,5,5,5,1
DAS,Commercial Vehicles & Trucks,2.3,1,4,5,1,1
DAT,Farming & Fishing,3.0,3,4,5,2,1
DBC,Farming & Fishing,3.3,3,4,5,3,1
DBD,Pharmaceuticals,1.9,2,2,2,2,1
DBM,Pharmaceuticals,3.5,3,3,5,4,3
DBT,Pharmaceuticals,3.8,5,4,5,3,1
DBW,Water,1.8,1,4,1,1,1
DC1,Heavy Construction,4.0,5,5,5,3,1
DC2,Heavy Construction,3.3,4,5,5,1,1
DC4,Heavy Construction,1.9,1,4,2,1,1
DCF,Heavy Construction,1.0,1,1,1,1,1
DCG,Clothing & Accessories,3.3,3,3,5,4,1
DCH,Real Estate Services,1.9,1,4,2,1,1
DCL,Pharmaceuticals,1.9,2,3,2,1,1
DCM,Specialty Chemicals,4.0,5,3,2,5,4
DCR,Building Materials & Fixtures,3.0,2,4,5,3,1
DCS,Furnishings,2.1,1,5,2,1,1
DCT,Building Materials & Fixtures,2.5,5,1,5,1,1
DDG,Gas Distribution,1.0,1,1,1,1,1
DDH,Transportation Services,1.6,1,3,2,1,1
DDM,Marine Transportation,3.3,5,1,5,4,1
DDN,Pharmaceuticals,2.3,1,4,5,1,1
DDV,Specialty Chemicals,4.3,5,4,5,5,1
DFC,Steel,2.3,1,4,5,1,1
DFF,Heavy Construction,1.9,1,3,4,1,1
DGC,Specialty Chemicals,3.3,5,2,2,4,2
DGT,Heavy Construction,1.8,1,4,1,1,1
DGW,Specialty Retailers,2.6,3,1,5,3,2
DHA,Building Materials & Fixtures,3.1,4,3,2,4,1
DHB,Specialty Chemicals,3.6,5,1,5,5,2
DHC,Paper,3.5,4,3,4,3,4
DHD,Pharmaceuticals,3.1,3,4,4,3,1
DHG,Pharmaceuticals,2.0,2,2,1,2,3
DHM,General Mining,3.0,3,4,5,2,1
DHN,Pharmaceuticals,2.4,2,3,2,3,1
DHP,Electronic Equipment,4.3,4,4,5,4,5
DHT,Drug Retailers,2.8,2,3,4,2,4
DIC,Heavy Construction,4.0,5,3,5,5,1
DID,Heavy Construction,3.3,1,5,5,4,1
DIG,Real Estate Holding & Development,2.0,3,3,1,1,1
DIH,Heavy Construction,1.8,1,3,3,1,1
DKC,Broadline Retailers,4.5,5,5,5,5,1
DL1,Transportation Services,3.1,3,5,2,3,1
DLD,Hotels,3.0,5,1,1,5,1
DLG,Forestry,4.4,5,5,4,5,1
DLR,Real Estate Holding & Development,2.0,5,1,1,1,1
DLT,Travel & Tourism,4.4,4,4,5,5,4
DM7,Clothing & Accessories,4.3,4,3,5,5,5
DMC,Pharmaceuticals,2.8,3,3,3,3,1
DMN,Farming & Fishing,3.1,3,5,5,1,2
DNA,Water,3.1,3,3,4,3,3
DNC,Conventional Electricity,2.8,3,1,4,3,4
DND,Building Materials & Fixtures,3.9,3,4,4,4,5
DNE,Waste & Disposal Services,4.3,5,4,5,5,1
DNH,Conventional Electricity,2.6,3,2,1,3,4
DNL,Transportation Services,3.5,4,3,5,4,1
DNM,Medical Supplies,3.3,5,4,5,1,1
DNN,Water,5.0,5,5,5,5,5
DNP,Building Materials & Fixtures,2.4,1,4,5,1,2
DNT,Recreational Services,3.0,5,1,1,5,1
DNW,Water,3.0,4,3,1,3,3
DOC,Specialty Chemicals,3.5,4,4,5,3,1
DOP,Trucking,3.3,3,4,3,4,1
DP1,Pharmaceuticals,3.1,3,3,5,2,4
DP2,Pharmaceuticals,2.8,5,3,3,1,1
DP3,Pharmaceuticals,2.6,4,2,2,3,1
DPC,Containers & Packaging,3.9,5,4,2,5,1
DPD,Commodity Chemicals,1.3,1,2,1,1,1
DPG,Heavy Construction,4.0,5,4,4,4,2
DPH,Pharmaceuticals,3.6,4,4,4,4,1
DPM,Specialty Chemicals,4.3,5,3,3,5,5
DPP,Pharmaceuticals,3.5,4,3,5,4,1
DPR,Commodity Chemicals,4.4,5,4,2,5,5
DPS,Steel,3.5,5,5,5,1,1
DQC,Furnishings,2.6,2,4,5,1,2
DRC,Tires,3.5,3,3,5,3,5
DRG,Commodity Chemicals,2.3,1,4,3,2,1
DRH,Real Estate Holding & Development,2.0,1,5,1,1,1
DRI,Commodity Chemicals,3.5,3,4,3,3,5
DRL,Conventional Electricity,2.3,3,1,1,2,5
DS3,Transportation Services,3.5,4,5,3,3,1
DSC,Investment Services,1.5,1,3,1,1,1
DSD,Recreational Services,3.5,5,1,5,5,1
DSG,Building Materials & Fixtures,3.0,5,1,1,5,1
DSN,Recreational Services,3.0,4,2,1,4,3
DSP,Travel & Tourism,2.5,5,3,1,1,1
DST,Publishing,4.0,5,5,1,5,1
DSV,Railroads,4.5,5,5,5,5,1
DTA,Real Estate Holding & Development,2.6,3,4,4,1,1
DTB,Waste & Disposal Services,3.4,3,3,4,5,1
DTC,Building Materials & Fixtures,4.1,5,4,5,3,4
DTD,Heavy Construction,3.9,5,4,2,5,1
DTE,Conventional Electricity,3.1,4,4,2,3,1
DTG,Pharmaceuticals,1.8,1,3,3,1,1
DTH,Medical Equipment,2.6,1,4,5,2,2
DTI,Hotels,2.9,3,5,2,2,1
DTK,Conventional Electricity,3.9,4,4,4,4,3
DTL,Steel,1.6,1,3,2,1,1
DTN,Personal Products,4.5,5,5,5,5,1
DTP,Pharmaceuticals,2.6,3,3,2,3,1
DTT,Commodity Chemicals,4.0,3,4,5,4,5
DTV,Conventional Electricity,3.0,3,3,5,3,1
DUS,Waste & Disposal Services,1.8,1,3,3,1,1
DVC,Transportation Services,2.5,1,4,3,3,1
DVG,Building Materials & Fixtures,3.8,4,5,5,3,1
DVM,Pharmaceuticals,3.5,5,1,5,5,1
DVN,Pharmaceuticals,2.1,1,3,3,1,4
DVP,Transportation Services,3.5,4,3,1,4,5
DVW,Heavy Construction,3.3,4,3,3,4,1
DWC,Water,2.5,5,3,1,1,1
DWS,Water,3.6,4,4,4,4,1
DXG,Real Estate Holding & Development,3.0,3,4,2,3,2
DXL,Hotels,3.4,5,5,2,2,1
DXP,Transportation Services,3.5,4,5,1,4,1
DXS,Real Estate Services,3.4,3,5,3,3,2
DXV,Building Materials & Fixtures,3.3,2,5,5,3,1
DZM,Industrial Machinery,4.4,5,5,4,5,1
E12,Heavy Construction,2.5,1,5,5,1,1
E29,Heavy Construction,3.3,2,5,5,3,1
EBS,Publishing,4.0,4,4,3,4,5
ECI,Publishing,2.8,2,3,2,3,4
EFI,Real Estate Holding & Development,4.0,5,5,1,5,1
EIB,Banks,2.1,3,2,,,1
EIC,Heavy Construction,3.3,4,3,1,3,5
EID,Publishing,4.6,5,4,5,5,4
EIN,Hotels,3.0,5,5,1,1,1
ELC,Telecommunications Equipment,3.3,3,4,3,4,1
EMC,Electronic Equipment,2.0,1,3,5,1,1
EME,Electronic Equipment,1.9,1,3,2,2,1
EMG,Electronic Equipment,3.4,4,4,2,4,1
EMS,Delivery Services,3.3,3,3,5,4,1
EPC,Soft Drinks,3.0,5,1,1,5,1
EPH,Publishing,4.3,5,4,5,5,1
EVE,Clothing & Accessories,4.4,5,4,4,4,5
EVF,Consumer Finance,4.5,4,5,,,4
EVG,Heavy Construction,2.4,1,5,4,1,1
EVS,Investment Services,3.9,5,4,2,5,1
FBA,Furnishings,4.5,5,5,5,5,1
FBC,Industrial Machinery,4.5,5,5,5,5,1
FCC,Brewers,3.0,5,1,1,5,1
FCM,Building Materials & Fixtures,3.8,1,5,5,4,5
FCN,Heavy Construction,2.6,1,5,5,1,2
FCS,Food Products,2.8,5,2,5,1,1
FDC,Real Estate Holding & Development,2.5,1,3,1,5,1
FGL,Soft Drinks,1.5,1,3,1,1,1
FHN,Food Retailers & Wholesalers,2.6,1,4,5,2,2
FHS,Publishing,3.0,5,3,5,1,1
FIC,Building Materials & Fixtures,1.6,1,3,2,1,1
FID,Real Estate Services,3.1,5,5,2,1,1
FIR,Real Estate Holding & Development,1.5,2,2,1,1,1
FIT,Specialty Finance,2.8,2,5,3,2,1
FLC,Real Estate Holding & Development,4.3,5,5,3,5,1
FMC,Farming & Fishing,3.6,4,3,5,3,4
FOC,Media Agencies,2.9,4,2,1,3,4
FOX,Fixed Line Telecommunications,2.9,4,2,2,3,3
FPT,Software,1.4,2,1,1,1,2
FRC,Forestry,4.3,5,4,5,5,1
FRM,Forestry,1.5,1,3,1,1,1
FRT,Specialty Retailers,1.8,2,1,5,1,1
FSO,Commercial Vehicles & Trucks,1.8,1,3,2,1,2
FT1,Industrial Machinery,4.0,5,3,5,5,1
FTI,Auto Parts,2.6,2,4,2,3,1
FTM,Clothing & Accessories,3.5,5,1,5,5,1
FTS,Investment Services,3.5,5,3,1,4,3
FUCTVGF4,,,,,,,
FUEDCMID,,,,,,,
FUEKIV30,,,,,,,
FUESSV30,,,,,,,
FUESSVFL,,,,,,,
FUEVN100,,,,,,,
G20,Clothing & Accessories,4.5,5,5,5,5,1
G36,Heavy Construction,2.1,1,4,4,1,1
GAB,Building Materials & Fixtures,2.0,5,1,1,1,1
GAS,Gas Distribution,1.8,2,1,1,2,3
GCB,Gas Distribution,2.0,1,3,5,1,1
GDT,Furnishings,2.8,3,2,2,3,4
GDW,Water,3.9,4,3,5,5,2
GE2,Conventional Electricity,2.4,2,3,2,3,1
GEE,Electronic Equipment,3.1,2,3,5,3,4
GEG,Conventional Electricity,2.8,3,4,1,3,1
GER,Commodity Chemicals,2.8,1,4,5,3,1
GEX,Electronic Equipment,3.0,1,4,5,3,3
GGG,Automobiles,3.1,5,1,2,5,1
GH3,Heavy Construction,2.8,2,4,5,2,1
GHC,Conventional Electricity,3.1,4,3,1,3,4
GIC,Transportation Services,3.8,3,4,3,5,3
GIL,Clothing & Accessories,4.3,5,4,5,4,3
GKM,Building Materials & Fixtures,1.5,2,2,1,1,1
GLC,Gold Mining,3.0,5,1,1,5,1
GLT,Consumer Electronics,4.5,5,3,5,5,5
GLW,Water,2.3,1,4,1,3,1
GMA,Industrial Machinery,1.8,1,3,1,2,1
GMC,Clothing & Accessories,4.1,3,4,4,5,5
GMD,Transportation Services,2.0,2,3,1,2,1
GMH,Building Materials & Fixtures,3.9,4,4,2,4,5
GMX,Building Materials & Fixtures,4.3,5,3,4,5,4
GND,Building Materials & Fixtures,3.6,4,4,4,4,1
GSM,Conventional Electricity,3.3,4,4,1,4,1
GSP,Marine Transportation,3.9,4,4,5,3,4
GTA,Forestry,3.8,4,4,5,2,5
GTD,Footwear,2.1,5,1,2,1,1
GTH,Heavy Construction,3.5,2,5,5,4,1
GTS,Heavy Construction,3.8,3,4,5,3,5
GTT,Recreational Services,3.1,5,1,2,5,1
GVR,Commodity Chemicals,2.3,2,3,1,3,1
GVT,Paper,3.3,4,2,4,4,2
H11,Heavy Construction,2.5,1,5,5,1,1
HAC,Investment Services,4.4,5,4,2,5,5
HAD,Brewers,4.0,4,4,5,5,1
HAF,Food Products,3.5,5,3,1,5,1
HAG,Farming & Fishing,2.3,3,3,1,2,1
HAH,Transportation Services,4.1,5,4,3,5,2
HAI,Specialty Chemicals,4.4,5,5,4,5,1
HAM,Building Materials & Fixtures,3.8,5,4,5,3,1
HAN,Heavy Construction,2.8,1,4,5,1,5
HAP,Paper,3.9,3,5,3,5,2
HAR,Real Estate Holding & Development,3.0,3,5,1,3,1
HAS,Heavy Construction,3.6,5,5,4,1,3
HAT,Brewers,4.5,5,3,5,5,5
HAV,Distillers & Vintners,4.5,5,5,5,5,1
HAX,Automobiles,3.8,5,3,5,4,1
HBC,Heavy Construction,2.3,1,4,5,1,1
HBD,Containers & Packaging,3.1,4,3,1,3,4
HBH,Brewers,3.3,2,4,5,4,1
HBS,Investment Services,3.0,1,5,1,5,1
HC1,Heavy Construction,3.5,3,4,5,4,1
HC3,Heavy Construction,2.9,3,4,1,2,4
HCB,Clothing & Accessories,3.3,3,4,5,3,1
HCC,Building Materials & Fixtures,3.8,4,4,5,4,1
HCD,Commodity Chemicals,4.4,5,5,5,3,4
HCI,Heavy Construction,3.5,5,3,1,5,1
HCM,Investment Services,2.4,3,3,1,1,4
HCT,Trucking,2.4,1,4,5,1,2
HD2,Real Estate Holding & Development,1.6,1,3,2,1,1
HD6,Real Estate Holding & Development,4.3,5,4,5,5,1
HD8,Real Estate Holding & Development,3.1,2,4,4,4,1
HDA,Building Materials & Fixtures,3.5,3,4,4,4,2
HDB,Banks,2.9,4,3,,,1
HDC,Real Estate Holding & Development,2.0,3,2,1,2,1
HDG,Real Estate Holding & Development,3.4,4,3,1,4,4
HDM,Clothing & Accessories,4.3,5,4,5,5,1
HDO,Containers & Packaging,3.1,5,1,2,5,1
HDP,Pharmaceuticals,2.8,2,3,5,3,1
HDW,Water,3.6,3,4,3,4,4
HEC,Business Support Services,3.4,4,4,2,4,1
HEJ,Heavy Construction,3.3,3,4,5,3,1
HEM,Electronic Equipment,2.0,1,3,2,1,4
HEP,Waste & Disposal Services,3.3,1,5,3,5,1
HES,Recreational Services,3.3,5,2,1,5,1
HEV,Publishing,1.8,1,2,3,1,3
HFB,Heavy Construction,4.0,4,4,5,5,1
HFC,Gas Distribution,2.5,1,4,5,2,1
HFX,Broadline Retailers,2.5,5,1,5,1,1
HGM,General Mining,2.8,3,2,1,3,5
HGT,Travel & Tourism,3.5,5,3,1,5,1
HGW,Water,2.8,1,4,3,3,3
HHC,Food Products,1.1,1,1,2,1,1
HHG,Travel & Tourism,4.4,5,5,4,5,1
HHN,Transportation Services,4.3,5,4,5,5,1
HHP,Paper,3.5,4,4,5,3,1
HHR,Railroads,4.5,5,5,5,5,1
HHS,Automobiles,3.5,5,5,1,3,1
HHV,Heavy Construction,2.5,3,5,1,1,1
HID,Heavy Construction,2.4,1,5,2,2,1
HIG,Software,2.8,3,4,5,1,1
HII,Commodity Chemicals,3.5,4,5,5,2,1
HIZ,Real Estate Holding & Development,4.3,5,5,5,4,1
HJC,Tobacco,3.3,3,4,5,3,1
HJS,Conventional Electricity,2.8,3,2,1,3,5
HKB,Food Products,4.0,5,5,1,5,1
HKP,Containers & Packaging,1.6,2,2,2,1,1
HKT,Soft Drinks,3.3,3,4,5,3,1
HLA,Steel,3.0,5,1,1,5,1
HLB,Brewers,2.8,3,2,3,4,1
HLC,Coal,4.4,5,4,5,5,2
HLD,Real Estate Holding & Development,2.0,1,3,1,1,5
HLG,Farming & Fishing,3.3,3,5,5,2,1
HLR,Railroads,3.5,4,3,5,4,1
HLS,Electrical Components & Equipment,3.4,5,3,2,4,1
HLT,Clothing & Accessories,4.3,5,4,5,5,1
HLY,Building Materials & Fixtures,3.4,5,1,4,5,1
HMC,Steel,3.3,3,4,5,1,5
HMG,Steel,2.4,2,3,5,1,2
HMH,Trucking,2.9,2,4,2,2,5
HMR,Building Materials & Fixtures,3.6,4,4,4,4,1
HMS,Heavy Construction,4.3,4,5,5,5,1
HNA,Conventional Electricity,2.5,3,3,1,3,1
HNB,Transportation Services,2.0,1,3,1,3,1
HND,Conventional Electricity,3.9,4,3,4,4,5
HNF,Food Products,3.5,4,4,5,3,1
HNG,Farming & Fishing,3.5,5,3,1,5,1
HNI,Clothing & Accessories,2.8,2,3,3,4,1
HNM,Food Products,3.5,4,4,5,3,1
HNP,Commodity Chemicals,3.3,2,4,5,4,1
HNR,Distillers & Vintners,2.8,5,4,1,1,1
HOM,Building Materials & Fixtures,3.3,1,5,5,4,1
HOT,Travel & Tourism,3.0,5,1,1,5,1
HPB,Containers & Packaging,4.3,4,4,5,4,5
HPD,Conventional Electricity,3.5,4,3,1,4,5
HPG,Steel,3.3,4,3,4,3,2
HPH,Specialty Chemicals,2.5,5,3,1,1,1
HPI,Real Estate Holding & Development,1.0,1,1,1,1,1
HPM,General Mining,1.3,1,2,1,1,1
HPP,Building Materials & Fixtures,3.5,4,4,5,3,1
HPT,Software,3.0,3,3,5,3,1
HPW,Water,2.8,2,3,2,3,4
HPX,Real Estate Holding & Development,2.8,3,4,2,2,2
HQC,Real Estate Holding & Development,2.0,1,5,1,1,1
HRB,Real Estate Holding & Development,2.8,4,3,1,3,1
HRC,Commodity Chemicals,1.0,1,1,1,1,1
HRT,Travel & Tourism,3.0,1,4,5,4,1
HSA,Business Support Services,3.5,5,3,1,5,1
HSG,Steel,2.8,1,4,5,3,1
HSI,Specialty Chemicals,2.5,5,1,5,1,1
HSL,Food Products,3.8,4,5,5,3,1
HSM,Clothing & Accessories,4.0,5,5,5,3,1
HSP,Building Materials & Fixtures,3.4,2,4,5,3,4
HSV,Steel,3.5,4,5,5,2,1
HT1,Building Materials & Fixtures,3.5,2,4,5,3,5
HTC,Gas Distribution,3.5,3,4,5,3,3
HTE,Conventional Electricity,2.5,1,5,4,1,2
HTG,Clothing & Accessories,4.4,5,4,5,4,4
HTI,Heavy Construction,3.9,4,4,2,4,5
HTL,Automobiles,4.3,5,4,5,5,1
HTM,Broadline Retailers,2.5,5,3,1,1,1
HTN,Real Estate Holding & Development,3.5,4,4,5,3,1
HTP,Publishing,1.5,1,3,1,1,1
HTR,Railroads,4.0,4,4,5,5,1
HTT,Broadline Retailers,4.0,5,5,1,5,1
HTV,Marine Transportation,4.0,4,5,5,4,1
HTW,Water,2.4,1,4,2,3,1
HU1,Heavy Construction,3.0,2,4,5,3,1
HU3,Heavy Construction,2.8,1,5,5,2,1
HU4,Heavy Construction,3.8,4,4,5,2,5
HU6,Real Estate Holding & Development,1.8,1,4,1,1,1
HUB,Heavy Construction,3.8,4,4,3,5,1
HUG,Clothing & Accessories,3.9,4,3,4,4,5
HUT,Heavy Construction,1.5,1,3,1,1,1
HVA,Farming & Fishing,3.8,5,4,5,3,1
HVG,Farming & Fishing,4.3,5,4,5,5,1
HVH,Heavy Construction,4.0,3,5,5,3,5
HVN,Airlines,3.5,5,1,5,5,1
HVT,Specialty Chemicals,4.3,5,3,5,5,3
HVX,Building Materials & Fixtures,3.0,1,5,5,3,1
HWS,Water,3.6,3,4,2,4,5
IBC,Specialty Finance,4.0,5,5,5,3,1
IBD,Publishing,2.6,3,3,2,3,1
IBN,Publishing,3.5,5,1,5,5,1
ICC,Heavy Construction,2.9,3,4,2,3,1
ICF,Farming & Fishing,3.5,5,5,5,1,1
ICG,Heavy Construction,3.6,3,5,1,4,4
ICI,Heavy Construction,1.8,1,4,1,1,1
ICN,Heavy Construction,1.0,1,1,1,1,1
ICT,Software,3.0,2,4,5,1,5
IDC,Real Estate Holding & Development,3.5,4,3,2,4,4
IDI,Farming & Fishing,3.8,5,4,5,3,1
IDJ,Real Estate Holding & Development,3.1,4,4,2,3,1
IDP,Food Products,2.5,3,1,2,3,4
IDV,Real Estate Holding & Development,3.0,4,3,1,3,3
IFS,Soft Drinks,2.6,2,3,2,4,1
IHK,Publishing,4.5,5,3,5,5,5
IJC,Real Estate Holding & Development,3.4,4,4,2,4,1
ILA,Farming & Fishing,3.5,5,5,1,3,1
ILB,Transportation Services,3.4,4,3,2,4,3
ILC,Business Training & Employment Agencies,3.5,5,3,5,3,1
ILS,Containers & Packaging,2.6,5,3,2,1,1
IME,Industrial Machinery,1.0,1,1,1,1,1
IMP,Pharmaceuticals,1.5,1,2,1,1,3
IN4,Publishing,1.8,2,2,1,2,1
INC,Heavy Construction,3.1,3,3,2,3,5
INN,Containers & Packaging,3.6,3,3,5,4,4
IPA,Business Support Services,3.0,4,4,1,3,1
IRC,Commodity Chemicals,3.9,5,4,1,4,4
ISG,Marine Transportation,3.5,5,1,5,5,1
ISH,Conventional Electricity,3.5,4,3,1,4,5
IST,Transportation Services,3.3,4,2,2,4,4
ITA,Real Estate Holding & Development,2.3,2,5,1,1,1
ITC,Real Estate Holding & Development,4.0,5,5,3,4,1
ITD,Computer Hardware,4.0,4,4,5,4,3
ITQ,Steel,3.0,2,5,5,2,1
ITS,Industrial Machinery,2.5,1,5,5,1,1
IVS,Investment Services,2.3,2,4,1,2,1
JOS,Farming & Fishing,3.5,5,1,5,5,1
JVC,Medical Equipment,4.0,5,4,3,5,1
KAC,Real Estate Holding & Development,1.5,1,3,1,1,1
KBC,Real Estate Holding & Development,3.0,4,4,1,3,1
KCB,General Mining,4.5,5,5,5,5,1
KCE,Building Materials & Fixtures,4.3,2,5,5,5,5
KDC,Food Products,1.6,1,2,2,1,3
KDH,Real Estate Holding & Development,1.8,2,3,1,1,1
KDM,Heavy Construction,1.8,1,4,1,1,1
KGM,Broadline Retailers,2.8,1,4,5,1,5
KHA,Real Estate Holding & Development,3.5,4,4,1,5,1
KHD,General Mining,3.3,1,4,5,5,1
KHG,Real Estate Holding & Development,3.9,5,5,2,4,1
KHL,Building Materials & Fixtures,3.0,5,5,1,1,1
KHP,Conventional Electricity,3.4,1,4,5,4,4
KHS,Farming & Fishing,4.3,5,4,5,3,5
KHW,Water,3.3,3,3,2,4,4
KIP,Electronic Equipment,4.0,3,5,5,3,5
KKC,Steel,4.3,5,4,5,5,1
KLB,Banks,2.6,3,3,,,1
KLF,Recreational Services,3.5,5,5,5,1,1
KLM,Nonferrous Metals,4.0,5,3,5,5,1
KMR,Clothing & Accessories,3.5,2,5,5,4,1
KMT,Steel,3.3,4,4,5,1,3
KOS,Real Estate Holding & Development,1.0,1,1,1,1,1
KPF,Building Materials & Fixtures,2.5,3,4,1,2,1
KSB,General Mining,3.1,4,4,2,3,1
KSD,Durable Household Products,4.1,5,4,4,5,1
KSF,Real Estate Holding & Development,1.0,1,1,1,1,1
KSH,General Mining,4.0,5,5,1,5,1
KSK,Building Materials & Fixtures,4.5,5,5,5,5,1
KSQ,General Mining,2.4,2,5,2,1,1
KSS,General Mining,5.0,5,5,5,5,5
KST,Telecommunications Equipment,4.1,4,3,5,5,4
KSV,General Mining,3.5,2,3,5,4,5
KTC,Travel & Tourism,2.3,1,4,5,1,1
KTL,Steel,1.6,1,2,3,1,2
KTS,Food Products,3.1,2,5,4,3,1
KTT,Heavy Construction,3.5,5,5,5,1,1
KTU,Waste & Disposal Services,5.0,5,5,5,5,5
KVC,Steel,3.8,5,5,5,2,1
L10,Industrial Machinery,3.9,2,4,5,5,4
L12,Heavy Construction,3.0,1,5,5,3,1
L14,Heavy Construction,2.3,3,1,1,4,1
L18,Heavy Construction,2.3,1,3,5,1,3
L35,Industrial Machinery,3.3,5,4,5,1,1
L40,Heavy Construction,4.4,5,3,5,5,4
L43,Industrial Machinery,2.9,5,4,2,1,1
L44,Industrial Machinery,3.5,5,1,5,5,1
L45,Heavy Construction,2.5,1,5,5,1,1
L61,Industrial Machinery,3.5,5,5,5,1,1
L62,Industrial Machinery,3.5,5,5,5,1,1
L63,Industrial Machinery,2.3,1,4,5,1,1
LAF,Food Products,2.8,4,3,5,1,1
LAI,Heavy Construction,1.0,1,1,1,1,1
LAS,Specialty Chemicals,3.1,2,4,5,2,4
LAW,Water,2.3,1,3,2,2,4
LBC,Broadline Retailers,4.0,4,4,5,5,1
LBE,Publishing,2.3,2,3,5,1,1
LBM,Building Materials & Fixtures,3.5,4,3,3,4,3
LCC,Building Materials & Fixtures,2.3,5,1,3,1,1
LCD,Heavy Construction,1.6,1,3,2,1,1
LCG,Heavy Construction,3.1,4,4,2,3,1
LCM,General Mining,3.0,5,5,1,1,1
LCS,Heavy Construction,4.0,5,4,3,5,1
LCW,Water,1.8,1,4,1,1,1
LDG,Real Estate Services,2.8,3,5,1,2,1
LDP,Pharmaceuticals,4.0,5,4,5,4,1
LDW,Water,1.6,1,3,1,1,2
LEC,Real Estate Holding & Development,2.5,1,5,5,1,1
LG9,Heavy Construction,2.5,1,5,5,1,1
LGC,Heavy Construction,1.5,1,3,1,1,1
LGL,Real Estate Holding & Development,2.6,1,5,2,3,1
LGM,Clothing & Accessories,3.6,5,2,4,5,1
LHC,Heavy Construction,3.4,3,3,4,4,3
LHG,Real Estate Holding & Development,3.9,4,4,2,4,5
LIC,Heavy Construction,2.0,2,2,3,2,1
LIG,Heavy Construction,3.3,4,5,5,1,1
LIX,Personal Products,4.0,4,3,5,4,5
LKW,Water,3.1,4,3,2,4,1
LLM,Industrial Machinery,3.3,1,4,5,5,1
LM3,Heavy Construction,2.4,5,1,4,1,1
LM7,Industrial Machinery,4.3,5,4,5,5,1
LM8,Heavy Construction,4.3,4,5,5,3,5
LMC,General Mining,4.3,5,5,5,4,1
LMH,Real Estate Holding & Development,2.3,5,2,1,1,1
LMI,Industrial Machinery,2.8,1,5,5,2,1
LNC,Commodity Chemicals,1.9,1,4,2,1,1
LO5,Industrial Machinery,3.5,5,1,5,5,1
LPB,Banks,3.8,5,4,,,1
LPT,Business Training & Employment Agencies,3.0,3,4,3,3,1
LQN,Industrial Machinery,3.3,5,1,3,5,1
LSG,Real Estate Holding & Development,3.5,5,5,5,1,1
LSS,Food Products,3.8,3,5,5,4,1
LTC,Computer Hardware,4.1,5,5,2,5,1
LTG,Specialty Chemicals,3.6,4,4,5,3,2
LUT,Heavy Construction,2.5,1,5,5,1,1
LWS,Water,2.8,1,3,2,4,4
M10,Clothing & Accessories,3.8,4,3,5,3,5
MA1,Electronic Equipment,3.5,4,4,3,4,1
MAC,Commercial Vehicles & Trucks,1.9,1,4,2,1,1
MAS,Travel & Tourism,2.1,5,1,2,1,1
MBB,Banks,3.3,5,3,,,1
MBG,Building Materials & Fixtures,4.5,5,5,5,5,1
MBN,Waste & Disposal Services,4.0,3,5,5,5,1
MBS,Investment Services,2.3,4,3,1,1,1
MCC,Building Materials & Fixtures,3.3,3,4,3,3,3
MCD,,,,,,,
MCF,Food Products,4.0,4,4,5,3,5
MCG,Heavy Construction,3.9,5,4,2,5,1
MCH,Food Products,2.4,3,2,2,3,1
MCI,Building Materials & Fixtures,3.0,5,1,1,5,1
MCM,Food Products,2.6,3,3,2,2,3
MCO,Heavy Construction,2.5,1,5,5,1,1
MCP,Containers & Packaging,2.3,1,3,5,2,1
MCT,Building Materials & Fixtures,3.9,5,5,5,1,4
MDA,Waste & Disposal Services,4.3,5,4,5,5,1
MDC,Coal,4.3,5,4,5,4,3
MDF,Forestry,3.5,3,4,5,3,3
MDG,Building Materials & Fixtures,3.9,4,4,5,3,4
MEC,Heavy Construction,2.3,5,1,3,1,1
MED,Pharmaceuticals,3.4,5,4,3,1,4
MEF,Medical Supplies,4.5,5,5,5,5,1
MEL,Steel,3.8,4,5,5,3,1
MES,Heavy Construction,3.5,5,3,1,5,1
MFS,Mobile Telecommunications,3.5,4,3,5,4,1
MGC,General Mining,3.3,2,5,5,3,1
MGG,Clothing & Accessories,3.0,3,3,5,3,1
MGR,Real Estate Holding & Development,3.8,5,4,1,5,1
MH3,Real Estate Holding & Development,2.5,3,3,1,1,5
MHC,Trucking,4.5,5,5,1,5,5
MHL,Steel,4.0,5,4,5,4,1
MIC,General Mining,3.5,3,4,5,4,1
MIE,Industrial Machinery,1.6,1,3,2,1,1
MIG,Property & Casualty Insurance,2.1,1,3,3,2,2
MIM,General Mining,3.3,3,4,5,3,1
MKP,Pharmaceuticals,2.8,1,4,4,3,2
MKV,Pharmaceuticals,3.5,3,4,5,4,1
MLC,Waste & Disposal Services,4.5,5,5,5,5,1
MLS,Farming & Fishing,3.8,4,4,5,4,1
MML,Food Products,2.1,2,2,2,1,5
MNB,Clothing & Accessories,4.1,5,4,5,3,4
MND,Waste & Disposal Services,3.5,3,4,5,4,1
MPC,Farming & Fishing,2.6,3,3,5,1,2
MPT,Clothing & Accessories,3.0,1,5,5,3,1
MPY,Waste & Disposal Services,4.0,4,4,5,5,1
MQB,Waste & Disposal Services,3.0,2,5,3,3,1
MQN,Waste & Disposal Services,3.8,4,4,5,4,1
MRF,Medical Equipment,4.0,5,4,5,4,1
MSB,Banks,3.4,4,4,,,1
MSH,Clothing & Accessories,4.0,4,3,5,4,5
MSN,Food Products,1.5,2,1,2,1,2
MSR,General Mining,2.5,2,4,3,2,1
MST,Heavy Construction,4.5,5,5,3,5,3
MTA,General Mining,3.9,5,5,5,1,4
MTB,,,,,,,
MTC,Hotels,3.9,5,4,2,5,1
MTG,Gas Distribution,2.8,1,3,5,2,5
MTH,Waste & Disposal Services,2.4,2,3,2,3,1
MTL,Waste & Disposal Services,2.1,1,5,2,1,1
MTP,Pharmaceuticals,3.3,4,4,5,2,1
MTS,Industrial Suppliers,3.6,3,3,5,4,4
MTV,Waste & Disposal Services,2.8,3,3,3,3,1
MVB,General Mining,3.8,2,4,5,4,5
MVC,Building Materials & Fixtures,2.1,1,4,2,2,1
MVN,Marine Transportation,3.0,3,3,2,4,2
MWG,Specialty Retailers,2.6,2,2,5,3,2
NAB,Banks,4.3,5,5,,,1
NAC,Heavy Construction,4.5,5,5,5,5,1
NAF,Soft Drinks,3.6,4,4,5,3,2
NAG,Electrical Components & Equipment,2.3,2,3,5,1,1
NAP,Transportation Services,2.8,2,3,2,3,4
NAS,Transportation Services,3.6,5,1,3,5,4
NAU,Waste & Disposal Services,3.5,1,5,5,5,1
NAV,Building Materials & Fixtures,3.4,4,3,2,3,5
NAW,Water,2.4,1,4,2,3,1
NBB,Real Estate Holding & Development,1.8,1,4,1,1,1
NBC,Coal,4.1,4,4,5,4,4
NBE,Publishing,4.3,5,4,5,5,1
NBP,Conventional Electricity,3.8,4,4,5,4,1
NBT,Water,3.8,4,4,2,4,4
NBW,Water,3.9,3,3,5,5,4
NCS,Food Products,2.1,5,1,2,1,1
NCT,Transportation Services,2.5,3,1,1,3,5
ND2,Conventional Electricity,3.3,4,3,1,3,5
NDC,Pharmaceuticals,2.4,3,2,2,3,1
NDF,Food Products,3.5,5,5,5,1,1
NDN,Real Estate Holding & Development,4.3,5,4,1,5,5
NDP,Pharmaceuticals,2.9,3,3,1,3,4
NDT,Clothing & Accessories,4.3,5,5,5,3,3
NDW,Water,3.8,3,4,2,5,4
NDX,Building Materials & Fixtures,4.5,4,5,5,4,5
NED,Heavy Construction,3.3,3,4,1,3,5
NET,Personal Products,3.0,3,2,4,3,4
NFC,Specialty Chemicals,4.0,4,4,5,3,5
NGC,Farming & Fishing,1.8,1,1,5,2,1
NHA,Heavy Construction,1.5,1,3,1,1,1
NHC,Building Materials & Fixtures,2.8,3,3,1,2,5
NHH,Commodity Chemicals,3.3,3,4,5,3,1
NHP,Containers & Packaging,4.5,5,5,5,5,1
NHT,Toys,3.5,4,4,5,3,1
NHV,Nonferrous Metals,1.3,1,2,1,1,1
NJC,Clothing & Accessories,4.0,5,4,5,2,5
NKG,Steel,4.1,5,4,5,3,4
NLG,Real Estate Holding & Development,2.5,1,4,2,2,4
NLS,Water,4.5,5,5,5,5,1
NNC,Building Materials & Fixtures,1.5,1,3,1,1,1
NNG,Commodity Chemicals,2.8,3,3,3,3,1
NNT,Water,3.1,4,3,2,4,1
NOS,Marine Transportation,2.5,5,1,5,1,1
NQB,Water,1.8,1,3,1,2,1
NQN,Water,2.8,2,3,2,4,2
NQT,Water,3.5,3,4,2,4,4
NRC,Real Estate Holding & Development,4.3,5,5,3,5,1
NS2,Water,2.9,1,4,3,4,2
NSC,Farming & Fishing,4.1,4,4,4,4,5
NSG,Commodity Chemicals,1.5,1,3,1,1,1
NSH,Aluminum,3.5,5,5,5,1,1
NSL,Water,2.6,3,3,2,3,1
NSS,Farming & Fishing,4.5,5,5,5,5,1
NST,Tobacco,4.3,4,5,5,3,5
NT2,Conventional Electricity,3.1,3,3,3,3,4
NTB,Real Estate Holding & Development,3.5,5,1,5,5,1
NTC,Real Estate Holding & Development,2.5,3,1,1,3,5
NTF,Pharmaceuticals,1.9,1,3,3,1,2
NTH,Conventional Electricity,3.3,4,2,1,4,5
NTL,Real Estate Holding & Development,4.1,5,4,2,4,5
NTP,Building Materials & Fixtures,3.4,4,3,3,3,4
NTT,Clothing & Accessories,2.3,2,3,5,1,1
NTW,Water,2.6,3,3,2,3,1
NUE,Waste & Disposal Services,3.8,3,4,5,5,1
NVB,Banks,2.8,5,2,,,1
NVL,Real Estate Holding & Development,2.0,2,4,1,1,1
NVP,Water,2.8,1,4,3,4,1
NVT,Real Estate Holding & Development,2.6,5,3,1,1,2
NWT,Travel & Tourism,2.8,1,4,3,4,1
NXT,Building Materials & Fixtures,2.9,3,4,2,3,1
OCB,Banks,3.4,4,4,,,1
OCH,Food Products,3.8,5,4,1,5,1
ODE,Broadcasting & Entertainment,1.0,1,1,1,1,1
OGC,Specialty Finance,1.8,1,3,1,2,1
OIL,Exploration & Production,3.3,2,4,5,3,3
ONE,Computer Hardware,3.3,4,4,5,2,1
ONW,Recreational Services,1.0,1,1,1,1,1
OPC,Pharmaceuticals,2.8,3,3,2,3,2
ORS,Investment Services,3.0,3,4,3,3,1
PAC,Electrical Components & Equipment,3.6,4,3,5,3,4
PAI,Fixed Line Telecommunications,2.8,2,3,5,3,1
PAN,Food Products,3.8,3,5,5,4,1
PAP,Transportation Services,3.5,5,5,5,1,1
PAS,Steel,5.0,5,5,5,5,5
PAT,Specialty Chemicals,4.0,5,2,3,5,5
PBC,Pharmaceuticals,1.6,1,3,2,1,1
PBK,Conventional Electricity,4.5,5,5,5,5,1
PBP,Containers & Packaging,3.4,2,3,5,4,4
PBT,Containers & Packaging,3.9,3,4,5,4,4
PC1,Heavy Construction,2.5,2,4,3,2,1
PCC,Heavy Construction,3.0,2,4,5,3,1
PCE,Specialty Chemicals,4.5,5,3,5,5,5
PCF,Soft Drinks,2.5,1,5,5,1,1
PCG,Gas Distribution,3.3,5,4,5,1,1
PCH,Commodity Chemicals,3.8,4,5,3,4,1
PCM,Building Materials & Fixtures,1.9,1,4,2,1,1
PCN,Specialty Chemicals,3.3,5,2,1,5,1
PCT,Trucking,2.8,2,4,5,2,1
PDB,Building Materials & Fixtures,3.0,1,4,5,2,5
PDC,Travel & Tourism,2.4,1,4,2,3,1
PDN,Transportation Services,2.4,3,1,1,3,4
PDR,Real Estate Holding & Development,3.3,5,3,1,4,1
PDV,Marine Transportation,3.5,4,4,5,3,1
PEC,Industrial Machinery,3.3,5,5,3,1,1
PEG,Gas Distribution,1.8,1,2,5,1,1
PEN,Heavy Construction,3.3,5,4,5,1,1
PEQ,Oil Equipment & Services,2.8,3,2,5,3,1
PET,Specialty Retailers,3.4,3,4,5,2,4
PFL,Heavy Construction,2.0,1,4,3,1,1
PGB,Banks,2.6,3,3,,,1
PGC,Gas Distribution,3.3,3,3,5,2,5
PGD,Gas Distribution,4.3,4,3,5,5,5
PGI,Property & Casualty Insurance,2.3,1,3,3,2,3
PGN,Commodity Chemicals,3.8,4,4,5,4,1
PGS,Gas Distribution,3.4,3,3,5,3,4
PGT,Travel & Tourism,3.0,4,4,1,3,1
PGV,Conventional Electricity,3.0,3,3,5,3,1
PHC,Heavy Construction,2.5,2,4,5,1,1
PHH,Heavy Construction,4.1,5,5,2,5,1
PHN,Electrical Components & Equipment,3.1,3,2,4,3,5
PHP,Transportation Services,2.8,3,3,1,3,3
PHR,Commodity Chemicals,3.0,3,3,1,3,5
PHS,Investment Services,1.8,1,3,1,1,3
PIA,Fixed Line Telecommunications,3.8,4,3,4,4,4
PIC,Conventional Electricity,3.0,3,3,1,3,5
PID,Heavy Construction,3.0,5,1,1,5,1
PIS,Forestry,3.4,3,3,4,3,5
PIT,Broadline Retailers,3.3,5,4,5,1,1
PIV,Real Estate Services,4.5,5,5,5,5,1
PJC,Gas Distribution,3.9,3,3,5,5,4
PJS,Water,3.8,3,4,5,5,1
PJT,Marine Transportation,4.0,3,4,5,5,3
PLA,Real Estate Holding & Development,2.8,1,5,3,3,1
PLC,Specialty Chemicals,2.8,2,3,5,1,5
PLE,Heavy Construction,1.8,1,3,3,1,1
PLO,Transportation Services,2.8,4,1,5,3,1
PLP,Commodity Chemicals,4.0,5,5,5,3,1
PLX,Exploration & Production,2.3,1,3,5,1,3
PMB,Specialty Chemicals,4.8,5,4,5,5,5
PMC,Pharmaceuticals,3.1,4,3,2,3,3
PMG,Gas Distribution,2.3,1,4,5,1,1
PMJ,Telecommunications Equipment,3.5,2,4,5,5,1
PMP,Containers & Packaging,3.3,3,4,5,3,1
PMS,Industrial Machinery,4.0,4,4,5,3,5
PMT,Telecommunications Equipment,4.0,3,5,5,5,1
PMW,Water,1.8,2,2,1,1,3
PNC,Publishing,3.3,5,4,5,1,1
PND,Gas Distribution,3.1,2,3,5,4,2
PNG,Broadline Retailers,1.0,1,1,1,1,1
PNJ,Personal Products,1.6,2,1,3,1,2
PNP,Marine Transportation,4.6,5,4,4,5,5
PNT,Heavy Construction,3.0,3,5,1,3,1
POB,Gas Distribution,1.4,1,1,4,1,1
POM,Steel,4.5,5,5,5,5,1
POS,Oil Equipment & Services,3.5,2,4,5,5,1
POT,Computer Hardware,2.1,1,3,5,1,2
POV,Gas Distribution,4.3,5,4,5,5,1
POW,Conventional Electricity,2.5,1,4,2,3,2
PPC,Conventional Electricity,3.1,3,4,2,2,5
PPE,Business Support Services,1.0,1,1,1,1,1
PPH,Clothing & Accessories,4.3,5,4,3,4,5
PPI,Real Estate Holding & Development,3.5,5,1,5,5,1
PPP,Pharmaceuticals,3.8,4,3,3,4,5
PPS,Business Support Services,3.8,3,4,3,4,5
PPT,Gas Distribution,2.0,1,3,5,1,1
PPY,Gas Distribution,2.5,1,4,5,2,1
PQN,Transportation Services,3.8,4,3,5,5,1
PRC,Trucking,2.3,1,3,5,1,3
PRE,Reinsurance,2.4,1,3,2,3,3
PRO,Food Products,3.6,3,5,2,5,1
PRT,Farming & Fishing,3.4,4,4,2,4,1
PSB,Heavy Construction,2.0,1,5,1,1,1
PSC,Trucking,3.8,2,4,5,4,5
PSD,Specialty Retailers,4.0,5,3,5,3,5
PSE,Specialty Chemicals,4.6,5,4,5,5,4
PSG,Heavy Construction,3.5,5,1,5,5,1
PSH,Gas Distribution,4.0,5,5,5,1,5
PSI,Investment Services,2.5,3,4,3,1,1
PSL,Farming & Fishing,2.6,3,3,2,3,1
PSN,Transportation Services,3.3,2,4,5,3,3
PSP,Trucking,2.9,5,4,2,1,1
PSW,Specialty Chemicals,4.5,5,4,5,4,5
PTB,Forestry,3.6,4,3,5,4,2
PTC,Heavy Construction,1.5,1,1,5,1,1
PTD,Heavy Construction,4.4,5,4,5,4,4
PTE,Building Materials & Fixtures,2.5,5,1,5,1,1
PTG,Clothing & Accessories,4.5,5,5,5,5,1
PTH,Gas Distribution,3.9,3,4,5,5,2
PTI,Property & Casualty Insurance,3.3,1,3,5,5,3
PTL,Real Estate Holding & Development,3.8,5,4,1,5,1
PTN,,,,,,,
PTO,Heavy Construction,1.9,1,3,4,1,1
PTP,Fixed Line Telecommunications,2.5,2,4,5,1,1
PTS,Trucking,4.6,5,4,5,5,4
PTT,Trucking,3.1,1,4,4,5,1
PTV,Oil Equipment & Services,3.4,5,5,4,1,1
PTX,Trucking,4.5,5,5,5,5,1
PV2,Real Estate Holding & Development,2.0,1,5,1,1,1
PVA,Heavy Construction,3.3,5,1,3,5,1
PVB,Oil Equipment & Services,2.3,2,4,1,2,1
PVC,Oil Equipment & Services,2.8,1,4,5,1,5
PVD,Oil Equipment & Services,2.9,5,4,2,1,1
PVE,Oil Equipment & Services,3.3,3,5,5,2,1
PVG,Gas Distribution,3.5,1,4,5,5,3
PVH,Heavy Construction,3.8,5,4,1,5,1
PVI,Property & Casualty Insurance,2.1,1,3,2,1,5
PVL,Real Estate Holding & Development,3.8,5,4,1,5,1
PVM,Industrial Suppliers,3.0,3,4,5,2,1
PVO,Specialty Chemicals,2.8,1,5,5,2,1
PVP,Trucking,4.0,5,4,3,5,1
PVR,Real Estate Holding & Development,2.0,1,5,1,1,1
PVS,Oil Equipment & Services,2.9,1,4,4,3,3
PVT,Marine Transportation,3.0,3,4,3,3,1
PVV,Heavy Construction,2.0,5,1,1,1,1
PVX,Heavy Construction,3.1,4,3,4,3,1
PVY,Heavy Construction,3.5,5,1,5,5,1
PWA,Real Estate Holding & Development,4.5,5,5,5,5,1
PWS,Water,2.3,1,4,1,2,3
PX1,Building Materials & Fixtures,3.0,5,3,5,1,1
PXA,Real Estate Holding & Development,2.9,5,4,2,1,1
PXC,Real Estate Holding & Development,3.0,5,1,1,5,1
PXI,Heavy Construction,4.5,5,5,5,5,1
PXL,Real Estate Holding & Development,1.8,1,4,1,1,1
PXM,Heavy Construction,3.0,5,1,1,5,1
PXS,Heavy Construction,4.3,5,4,5,5,1
PXT,Heavy Construction,2.8,5,3,3,1,1
QBS,Specialty Chemicals,3.3,1,5,5,4,1
QCC,Heavy Construction,3.5,2,4,5,5,1
QCG,Real Estate Holding & Development,2.5,1,5,3,2,1
QHD,Diversified Industrials,2.9,2,3,4,2,5
QHW,Soft Drinks,3.8,4,4,3,5,1
QLT,Transportation Services,4.3,5,4,5,5,1
QNC,Building Materials & Fixtures,4.0,5,4,5,4,1
QNS,Food Products,3.0,3,3,2,3,4
QNT,Heavy Construction,3.0,3,5,1,3,1
QNU,Waste & Disposal Services,2.9,1,4,4,4,1
QNW,Water,2.5,1,4,1,3,3
QPH,Conventional Electricity,3.4,4,3,1,4,4
QSP,Transportation Services,2.8,4,3,1,3,1
QST,Publishing,3.8,4,3,5,3,5
QTC,Heavy Construction,3.5,4,4,5,3,1
QTP,Conventional Electricity,4.1,4,4,4,4,5
RAL,Furnishings,4.5,5,4,5,4,5
RAT,Trucking,3.8,4,4,5,4,1
RBC,Commodity Chemicals,2.0,1,3,5,1,1
RCC,Heavy Construction,1.6,1,3,2,1,1
RCD,Heavy Construction,4.0,5,5,1,5,1
RCL,Real Estate Holding & Development,2.1,2,4,1,1,2
RDP,Commodity Chemicals,2.8,1,5,5,2,1
REE,Industrial Machinery,2.6,3,3,1,3,2
RGC,Broadcasting & Entertainment,2.5,5,3,1,1,1
RIC,Recreational Services,2.8,5,4,1,1,1
ROS,Heavy Construction,4.3,5,5,5,4,1
RTB,Commodity Chemicals,3.4,3,4,1,4,4
S12,Heavy Construction,3.1,5,1,2,5,1
S27,Heavy Construction,3.5,5,1,5,5,1
S4A,Conventional Electricity,2.8,3,2,1,3,5
S55,Heavy Construction,3.9,5,4,3,3,4
S72,Heavy Construction,3.1,4,4,2,3,1
S74,Heavy Construction,4.5,5,5,5,5,1
S96,Heavy Construction,3.8,2,5,5,5,1
S99,Heavy Construction,3.5,3,5,5,3,1
SAB,Brewers,1.1,1,1,1,1,2
SAC,Transportation Services,5.0,5,5,5,5,5
SAF,Food Products,2.1,2,1,3,2,4
SAL,Commercial Vehicles & Trucks,3.5,3,4,5,4,1
SAM,Telecommunications Equipment,1.9,1,4,2,1,1
SAP,Publishing,3.0,5,1,1,5,1
SAS,Specialty Retailers,1.4,1,2,1,1,2
SAV,Forestry,4.5,5,4,5,5,3
SB1,Brewers,3.3,5,4,5,1,1
SBA,Conventional Electricity,3.3,4,3,1,3,5
SBD,Software,3.5,2,4,5,3,5
SBH,Conventional Electricity,3.0,4,2,1,3,5
SBL,Brewers,3.4,3,4,4,4,1
SBM,Heavy Construction,2.5,3,2,1,3,3
SBR,Commodity Chemicals,2.6,2,4,1,3,2
SBS,Investment Services,1.5,1,3,1,1,1
SBT,Food Products,3.3,3,4,5,3,1
SBV,Specialty Retailers,3.8,4,4,4,3,4
SC5,Heavy Construction,3.5,3,4,5,2,5
SCC,Building Materials & Fixtures,3.9,4,5,4,4,1
SCD,Soft Drinks,3.8,5,3,3,5,1
SCG,Heavy Construction,1.0,1,1,1,1,1
SCI,Heavy Construction,4.3,4,4,5,4,5
SCJ,Building Materials & Fixtures,3.5,3,5,5,3,1
SCL,Building Materials & Fixtures,3.3,3,4,5,3,1
SCO,Industrial Machinery,2.1,2,1,2,2,5
SCR,Real Estate Holding & Development,2.5,2,5,1,2,1
SCS,Airlines,1.9,3,1,1,2,2
SCY,Commercial Vehicles & Trucks,3.3,2,4,3,4,3
SD1,Heavy Construction,3.0,5,1,1,5,1
SD2,Heavy Construction,2.1,1,4,4,1,1
SD3,Heavy Construction,3.3,3,4,5,3,1
SD4,Heavy Construction,3.5,5,5,5,1,1
SD5,Heavy Construction,4.3,3,5,5,4,5
SD6,Heavy Construction,3.4,5,5,4,1,1
SD7,Heavy Construction,4.0,5,5,1,5,1
SD8,Heavy Construction,3.5,5,1,5,5,1
SD9,Heavy Construction,4.0,2,5,5,4,5
SDA,Business Training & Employment Agencies,2.3,3,4,1,1,1
SDB,Heavy Construction,2.0,3,1,5,1,1
SDC,Business Support Services,3.6,3,5,4,2,5
SDD,Heavy Construction,3.1,5,5,2,1,1
SDG,Containers & Packaging,4.8,5,5,5,4,5
SDJ,Heavy Construction,3.5,5,1,5,5,1
SDK,Industrial Machinery,4.0,4,3,5,4,5
SDN,Building Materials & Fixtures,4.4,5,3,5,5,4
SDP,Building Materials & Fixtures,3.5,5,1,5,5,1
SDT,Heavy Construction,4.5,5,5,5,3,5
SDU,Heavy Construction,1.5,1,3,1,1,1
SDV,Waste & Disposal Services,3.8,5,3,5,4,1
SDX,Heavy Construction,3.6,5,3,2,5,1
SDY,Building Materials & Fixtures,2.5,5,1,5,1,1
SEA,Farming & Fishing,2.3,2,3,1,1,5
SEB,Conventional Electricity,2.8,3,2,1,3,5
SED,Publishing,4.3,5,4,5,5,1
SEP,Commodity Chemicals,3.5,5,3,5,3,1
SFC,Gas Distribution,3.3,3,3,5,4,1
SFG,Specialty Chemicals,3.6,4,4,5,3,2
SFI,Marine Transportation,4.3,5,4,5,5,1
SFN,Industrial Suppliers,4.6,5,4,5,5,4
SGB,Banks,2.0,1,3,,,1
SGC,Food Products,2.3,3,1,2,3,2
SGD,Publishing,2.1,1,3,4,1,3
SGH,Hotels,1.3,1,2,1,1,1
SGI,Clothing & Accessories,3.3,4,4,3,3,1
SGN,Transportation Services,2.3,2,2,1,3,3
SGO,Food Products,4.1,5,5,2,5,1
SGP,Transportation Services,3.5,5,3,1,5,1
SGR,Real Estate Holding & Development,4.3,5,4,2,5,4
SGS,Marine Transportation,4.0,5,4,3,5,1
SGT,Internet,2.6,4,4,2,1,1
SHA,Steel,3.8,4,5,5,3,1
SHB,Banks,3.8,5,4,,,1
SHC,Marine Transportation,3.8,3,4,5,5,1
SHE,Durable Household Products,3.8,5,4,5,3,1
SHG,Heavy Construction,2.1,5,1,2,1,1
SHI,Steel,2.1,1,3,5,1,2
SHN,Coal,2.5,2,4,5,1,1
SHP,Conventional Electricity,3.4,4,3,1,4,4
SHS,Investment Services,2.8,4,3,1,3,1
SHX,Travel & Tourism,4.4,5,5,4,5,1
SIC,Heavy Construction,3.1,4,4,4,2,1
SID,Real Estate Holding & Development,3.3,3,5,1,4,1
SIG,Heavy Construction,3.8,5,5,5,2,1
SII,Water,2.8,5,4,1,1,1
SIP,Real Estate Holding & Development,3.5,4,3,2,4,4
SIV,Specialty Chemicals,3.9,5,4,4,4,1
SJ1,Farming & Fishing,2.0,1,3,5,1,1
SJC,Heavy Construction,2.8,5,4,1,1,1
SJD,Conventional Electricity,3.8,4,4,1,4,5
SJE,Heavy Construction,3.9,4,4,4,3,5
SJF,Specialty Chemicals,2.3,1,5,3,1,1
SJG,Heavy Construction,3.8,5,4,2,4,2
SJM,Heavy Construction,3.3,5,2,1,5,1
SJS,Real Estate Holding & Development,1.3,1,2,1,1,1
SKG,Travel & Tourism,1.5,1,3,1,1,1
SKH,Soft Drinks,3.4,3,3,5,3,4
SKN,Soft Drinks,3.1,1,4,4,5,1
SKV,Soft Drinks,4.0,4,3,5,4,5
SLS,Food Products,3.4,4,3,2,3,5
SMA,Conventional Electricity,3.6,5,4,2,4,1
SMB,Brewers,3.5,4,2,3,4,5
SMC,Steel,3.8,5,5,5,1,3
SMN,Publishing,4.5,5,4,5,4,5
SMT,Telecommunications Equipment,3.3,5,4,5,1,1
SNC,Farming & Fishing,2.3,1,4,5,1,1
SNZ,Heavy Construction,3.4,3,4,2,4,3
SP2,Conventional Electricity,2.9,5,1,2,4,1
SPB,Clothing & Accessories,4.0,5,4,5,4,1
SPC,Specialty Chemicals,4.3,3,4,5,5,5
SPD,Farming & Fishing,2.3,1,3,5,2,1
SPH,Farming & Fishing,3.8,5,3,3,5,1
SPI,General Mining,3.0,3,5,1,3,1
SPM,Pharmaceuticals,3.5,3,5,5,2,3
SPP,Containers & Packaging,3.5,5,1,5,5,1
SPV,Farming & Fishing,3.0,3,3,5,3,1
SQC,General Mining,3.8,5,4,1,5,1
SRA,Software,4.1,5,5,2,5,1
SRB,Software,2.0,1,5,1,1,1
SRC,Tires,2.9,3,3,4,1,5
SRF,Industrial Machinery,3.0,2,4,5,3,1
SRT,Travel & Tourism,3.3,5,3,5,2,1
SSB,Banks,1.3,2,1,,,1
SSC,Farming & Fishing,3.5,4,3,2,4,4
SSF,Footwear,3.0,5,1,1,5,1
SSG,Marine Transportation,2.6,3,1,2,5,1
SSH,Real Estate Holding & Development,1.0,1,1,1,1,1
SSI,Investment Services,2.4,3,3,1,1,4
SSM,Steel,4.5,5,5,5,5,1
SSN,Farming & Fishing,3.0,5,5,1,1,1
ST8,Electronic Office Equipment,4.9,5,5,5,5,4
STB,Banks,2.6,3,3,,,1
STC,Publishing,4.0,4,4,5,3,5
STG,Transportation Services,1.9,2,3,2,1,1
STH,Publishing,2.0,1,5,1,1,1
STK,Clothing & Accessories,3.8,4,3,3,4,5
STL,Real Estate Holding & Development,3.5,5,1,5,5,1
STP,Containers & Packaging,3.0,1,5,5,1,5
STS,Trucking,3.9,5,4,2,5,1
STT,Travel & Tourism,3.1,5,1,2,5,1
STW,Water,4.3,4,5,5,5,1
SUM,Publishing,4.5,5,5,5,5,1
SVC,Automobiles,3.3,3,3,5,3,3
SVD,Clothing & Accessories,3.8,3,5,5,4,1
SVG,Diversified Industrials,3.0,1,5,5,3,1
SVH,Conventional Electricity,3.9,5,4,2,5,1
SVI,Containers & Packaging,3.8,4,3,5,4,3
SVN,Heavy Construction,2.5,1,5,5,1,1
SVT,Paper,4.1,5,4,2,4,5
SWC,Marine Transportation,3.4,4,4,2,4,1
SZB,Real Estate Holding & Development,3.5,4,3,1,4,5
SZC,Real Estate Holding & Development,2.0,2,3,1,1,3
SZE,Waste & Disposal Services,2.5,2,3,3,3,1
SZG,Real Estate Holding & Development,1.9,2,2,1,2,2
SZL,Real Estate Holding & Development,2.9,3,3,1,3,4
TA3,Heavy Construction,3.0,3,5,5,1,1
TA6,Heavy Construction,2.0,1,3,5,1,1
TA9,Heavy Construction,4.3,4,3,5,5,5
TAG,Real Estate Holding & Development,1.0,1,1,1,1,1
TAN,Soft Drinks,1.0,1,1,1,1,1
TAR,Farming & Fishing,2.8,3,4,5,1,1
TAW,Water,2.8,1,3,5,4,1
TB8,Containers & Packaging,3.5,4,4,5,3,1
TBC,Conventional Electricity,3.5,4,3,1,4,5
TBD,Electronic Equipment,1.1,1,1,2,1,1
TBH,Transportation Services,4.0,5,5,1,5,1
TBR,Real Estate Holding & Development,2.8,1,5,1,4,1
TBT,Heavy Construction,3.3,5,1,3,5,1
TBX,Building Materials & Fixtures,1.6,1,3,2,1,1
TC6,Coal,4.0,5,1,5,5,5
TCB,Banks,3.8,5,4,,,1
TCD,Heavy Construction,4.5,5,5,4,4,4
TCH,Real Estate Holding & Development,3.0,1,5,2,3,4
TCI,Investment Services,3.5,5,4,1,4,1
TCJ,Farming & Fishing,3.3,5,1,3,5,1
TCK,Heavy Construction,2.5,5,1,5,1,1
TCL,Trucking,3.8,4,3,3,4,5
TCM,Clothing & Accessories,1.4,1,2,2,1,1
TCO,Trucking,4.5,5,5,5,5,1
TCR,Building Materials & Fixtures,3.0,2,5,5,2,1
TCT,Travel & Tourism,2.0,2,3,1,2,1
TCW,Transportation Services,4.1,4,3,4,5,5
TDB,Conventional Electricity,2.0,3,1,1,3,1
TDC,Real Estate Services,4.0,5,4,5,4,1
TDF,Building Materials & Fixtures,3.9,4,4,3,4,4
TDG,Gas Distribution,4.0,5,5,5,3,1
TDH,Real Estate Holding & Development,4.3,5,4,1,5,5
TDM,Water,2.9,3,3,1,3,4
TDN,Coal,3.8,2,4,5,4,5
TDP,Containers & Packaging,1.5,1,2,3,1,1
TDS,Steel,4.6,5,4,5,5,4
TDT,Clothing & Accessories,3.3,3,4,5,3,1
TDW,Water,3.6,3,2,5,5,4
TED,Heavy Construction,4.0,4,3,5,4,5
TEG,Real Estate Holding & Development,3.0,4,4,1,3,1
TEL,Heavy Construction,1.8,1,3,3,1,1
TET,Clothing & Accessories,2.1,2,3,1,2,2
TFC,Food Products,3.0,2,4,5,1,5
TGG,Heavy Construction,4.0,4,5,5,4,1
TGP,Electrical Components & Equipment,2.8,2,5,5,1,1
TH1,Food Retailers & Wholesalers,3.5,5,1,5,5,1
THB,Brewers,4.0,3,4,5,5,3
THD,Real Estate Holding & Development,1.5,2,2,1,1,1
THG,Heavy Construction,3.6,4,3,4,4,3
THI,Electronic Equipment,2.8,1,4,5,1,5
THN,Water,5.0,5,5,5,5,5
THP,Farming & Fishing,2.8,3,4,5,1,1
THS,Broadline Retailers,3.0,2,3,5,2,5
THT,Coal,4.8,5,4,5,5,5
THU,Waste & Disposal Services,2.8,1,4,5,3,1
THW,Water,4.1,4,4,5,5,2
TID,Real Estate Holding & Development,2.1,1,3,4,1,3
TIE,Electrical Components & Equipment,4.4,5,5,4,5,1
TIG,Real Estate Holding & Development,3.4,4,4,2,4,1
TIN,Asset Managers,2.6,3,3,,,1
TIP,Real Estate Holding & Development,4.0,4,4,1,5,5
TIS,Steel,2.5,1,5,5,1,1
TIX,Real Estate Holding & Development,3.1,3,3,1,4,4
TJC,Trucking,3.1,3,3,2,4,3
TKA,Containers & Packaging,4.0,5,4,5,4,1
TKC,Heavy Construction,3.3,3,5,5,2,1
TKG,Steel,2.1,1,3,4,2,1
TKU,Aluminum,3.9,4,4,4,3,5
TL4,Heavy Construction,3.3,5,5,3,1,1
TLD,Real Estate Holding & Development,3.3,3,5,5,2,1
TLG,Nondurable Household Products,3.4,4,3,2,4,3
TLH,Steel,4.1,5,5,5,2,4
TLI,Clothing & Accessories,4.3,5,4,5,5,1
TLP,Gas Distribution,3.9,5,4,5,3,2
TLT,Building Materials & Fixtures,3.0,2,3,5,4,1
TMB,Coal,4.6,5,4,5,5,4
TMC,Gas Distribution,4.1,3,4,5,5,4
TMG,Steel,3.3,4,1,3,4,5
TMP,Conventional Electricity,3.1,4,2,1,4,4
TMS,Transportation Services,2.6,3,3,2,3,1
TMT,Automobiles,4.3,5,4,5,3,5
TMW,Forestry,3.4,4,4,2,4,1
TMX,Building Materials & Fixtures,3.5,3,4,5,4,1
TN1,Real Estate Holding & Development,3.4,4,4,3,3,2
TNA,Steel,3.0,3,4,5,2,1
TNB,Steel,3.0,2,4,5,1,5
TNC,Commodity Chemicals,1.1,1,1,1,1,2
TNG,Clothing & Accessories,3.9,4,4,5,3,4
TNH,Health Care Providers,1.8,2,2,1,2,1
TNI,Steel,4.3,5,5,5,4,1
TNM,Heavy Construction,4.0,4,5,5,4,1
TNP,Transportation Services,4.0,5,4,3,5,1
TNS,Steel,3.8,5,3,5,4,1
TNT,General Mining,4.3,4,5,5,5,1
TNW,Water,2.4,2,4,4,1,1
TOP,Broadline Retailers,4.0,5,5,1,5,1
TOS,Oil Equipment & Services,4.1,4,4,4,4,5
TOT,Trucking,1.9,1,3,4,1,1
TOW,Water,3.3,4,4,1,4,1
TPB,Banks,2.9,4,3,,,1
TPC,Commodity Chemicals,3.8,3,5,5,2,5
TPH,Publishing,2.9,2,3,3,3,4
TPP,Containers & Packaging,3.3,2,4,5,3,3
TPS,Travel & Tourism,2.0,2,3,1,2,1
TQN,Forestry,4.5,5,5,5,5,1
TQW,Water,2.4,1,4,2,3,1
TR1,Travel & Tourism,3.8,4,4,5,4,1
TRA,Pharmaceuticals,2.4,2,2,2,3,3
TRC,Commodity Chemicals,2.8,2,4,2,2,4
TRS,Marine Transportation,3.8,4,4,5,4,1
TRT,Building Materials & Fixtures,4.0,5,4,5,4,1
TS3,Heavy Construction,2.5,1,5,5,1,1
TS4,Farming & Fishing,3.3,5,5,3,1,1
TSB,Electrical Components & Equipment,2.9,1,4,5,2,4
TSC,Specialty Chemicals,2.3,1,5,3,1,1
TSD,Travel & Tourism,3.4,5,1,4,5,1
TSG,Transportation Services,3.8,4,4,5,4,1
TSJ,Travel & Tourism,1.6,1,2,1,1,4
TST,Computer Services,3.1,5,4,4,1,1
TTA,Heavy Construction,3.1,4,4,2,3,1
TTB,Building Materials & Fixtures,2.5,1,5,5,1,1
TTC,Building Materials & Fixtures,4.5,4,4,5,5,5
TTD,Health Care Providers,2.6,3,2,2,3,3
TTE,Conventional Electricity,2.0,2,3,1,2,1
TTF,Forestry,1.3,1,1,3,1,1
TTG,Clothing & Accessories,4.0,5,3,5,5,1
TTH,Apparel Retailers,4.5,5,5,5,5,1
TTL,Heavy Construction,2.4,1,4,5,1,2
TTN,Fixed Line Telecommunications,3.6,3,4,3,5,2
TTP,Containers & Packaging,3.6,2,5,5,3,4
TTS,Steel,2.5,1,3,5,3,1
TTT,Travel & Tourism,4.3,4,5,2,5,4
TTZ,Building Materials & Fixtures,3.5,5,5,1,3,1
TUG,Transportation Services,3.6,4,3,4,5,1
TV1,Business Support Services,2.6,1,3,5,3,2
TV2,Business Support Services,2.4,2,3,2,3,1
TV3,Heavy Construction,3.5,4,3,5,4,1
TV4,Business Support Services,3.3,4,3,3,4,1
TV6,Specialty Retailers,2.5,1,5,5,1,1
TVA,Building Materials & Fixtures,2.5,1,4,5,2,1
TVB,Investment Services,4.5,5,5,2,5,4
TVC,Specialty Finance,4.5,5,5,1,5,5
TVD,Coal,4.5,5,4,5,5,3
TVG,Heavy Construction,2.0,1,4,3,1,1
TVH,Heavy Construction,3.1,4,3,2,4,1
TVM,Business Support Services,3.4,1,5,5,3,4
TVN,Steel,3.6,5,5,5,1,2
TVP,Pharmaceuticals,3.0,3,4,3,3,1
TVS,Investment Services,1.9,2,3,1,1,2
TVT,Clothing & Accessories,3.9,4,4,5,4,2
TVW,Water,2.4,1,4,2,3,1
TW3,Pharmaceuticals,3.5,3,4,5,4,1
TXM,Building Materials & Fixtures,3.5,5,5,5,1,1
TYA,Electrical Components & Equipment,3.4,3,4,5,2,4
UCT,Waste & Disposal Services,3.8,5,3,3,5,1
UDC,Heavy Construction,3.0,5,4,3,1,1
UDJ,Heavy Construction,4.1,5,4,2,4,5
UDL,Waste & Disposal Services,3.3,2,5,3,4,1
UEM,Industrial Machinery,1.8,1,2,5,1,1
UIC,Heavy Construction,3.9,4,4,5,3,4
UMC,Heavy Construction,3.0,1,4,5,4,1
UNI,Computer Services,1.8,1,4,1,1,1
UPC,Multiutilities,3.5,4,3,5,4,1
UPH,Pharmaceuticals,2.6,5,3,2,1,1
USC,Heavy Construction,2.3,1,4,5,1,1
USD,Waste & Disposal Services,4.0,5,4,5,4,1
V11,Real Estate Holding & Development,3.5,5,1,5,5,1
V12,Heavy Construction,3.3,3,4,5,3,1
V15,Heavy Construction,3.5,5,3,1,5,1
V21,Real Estate Holding & Development,3.6,4,5,4,3,1
VAB,Banks,4.3,5,5,,,1
VAF,Specialty Chemicals,3.6,3,4,5,3,4
VAT,Telecommunications Equipment,3.5,5,5,5,1,1
VAV,Water,2.9,3,2,2,3,5
VBB,Banks,3.9,4,5,,,1
VBC,Containers & Packaging,3.8,5,4,5,3,1
VBG,General Mining,2.8,1,4,5,3,1
VBH,Electrical Components & Equipment,1.6,1,2,4,1,1
VC1,Heavy Construction,3.3,3,5,5,2,1
VC2,Heavy Construction,3.6,5,4,4,3,1
VC3,Real Estate Services,1.3,1,2,1,1,1
VC5,Heavy Construction,2.0,5,1,1,1,1
VC6,Heavy Construction,3.4,4,4,5,1,4
VC7,Heavy Construction,1.9,1,4,2,1,1
VC9,Heavy Construction,3.5,5,1,5,5,1
VCA,Steel,3.8,5,4,5,1,5
VCB,Banks,1.8,3,1,,,2
VCC,Heavy Construction,2.3,1,3,5,1,3
VCE,Heavy Construction,2.3,2,4,1,2,1
VCF,Soft Drinks,2.0,2,1,1,2,5
VCG,Heavy Construction,2.8,3,4,2,1,4
VCI,Investment Services,1.5,2,1,1,1,3
VCM,Business Training & Employment Agencies,2.0,1,4,1,1,3
VCP,Heavy Construction,3.0,4,3,1,4,1
VCR,Real Estate Holding & Development,3.4,5,2,1,5,2
VCS,Building Materials & Fixtures,3.6,4,3,2,4,5
VCT,Business Support Services,3.5,5,1,1,5,5
VCW,Water,1.8,2,2,1,1,3
VCX,Building Materials & Fixtures,4.0,4,5,5,4,1
VDB,Coal,4.5,5,5,5,5,1
VDL,Distillers & Vintners,1.6,1,3,2,1,1
VDN,Clothing & Accessories,2.5,1,4,5,2,1
VDP,Pharmaceuticals,3.0,3,3,4,3,2
VDS,Investment Services,3.0,5,4,2,1,2
VDT,Steel,2.1,1,3,4,2,1
VE1,Heavy Construction,3.9,5,4,2,5,1
VE2,Heavy Construction,2.5,2,4,5,1,1
VE3,Heavy Construction,2.5,1,4,5,2,1
VE4,Heavy Construction,2.1,5,1,2,1,1
VE8,Heavy Construction,3.3,5,4,5,1,1
VE9,Heavy Construction,3.8,5,4,1,5,1
VEA,Industrial Machinery,2.6,4,2,1,3,2
VEC,Computer Hardware,3.0,5,4,3,1,1
VEF,Media Agencies,1.0,1,1,1,1,1
VES,Industrial Machinery,1.3,1,2,1,1,1
VET,Specialty Chemicals,2.1,2,2,2,2,3
VFC,Marine Transportation,2.1,2,2,2,3,1
VFG,Specialty Chemicals,3.8,4,3,4,4,4
VFR,Marine Transportation,4.0,5,4,3,5,1
VFS,Investment Services,2.0,3,3,1,1,1
VGC,Building Materials & Fixtures,2.9,3,2,2,4,3
VGG,Clothing & Accessories,3.9,3,4,5,4,4
VGI,Mobile Telecommunications,2.0,1,3,1,3,1
VGL,Steel,2.9,3,3,4,3,1
VGP,Transportation Services,2.3,2,3,5,1,1
VGR,Transportation Services,3.3,3,3,1,4,5
VGS,Steel,4.3,5,4,5,3,5
VGT,Clothing & Accessories,4.3,4,4,5,4,5
VGV,Real Estate Holding & Development,3.0,2,4,4,3,2
VHC,Farming & Fishing,3.0,4,3,3,3,1
VHD,Real Estate Holding & Development,2.1,3,3,2,1,1
VHE,Pharmaceuticals,2.8,1,5,4,1,4
VHF,Food Products,2.0,1,3,4,1,2
VHG,Diversified Industrials,3.3,5,2,1,5,1
VHH,Heavy Construction,2.8,5,3,3,1,1
VHL,Building Materials & Fixtures,3.5,1,4,5,4,5
VHM,Real Estate Holding & Development,3.0,4,3,1,3,3
VIB,Banks,2.9,4,3,,,1
VIC,Real Estate Holding & Development,1.6,1,3,1,1,2
VID,Paper,4.0,4,5,5,4,1
VIE,Telecommunications Equipment,4.0,5,4,5,4,1
VIF,Forestry,2.8,3,4,1,2,3
VIG,Investment Services,1.8,1,4,1,1,1
VIH,Building Materials & Fixtures,3.3,3,4,5,3,1
VIM,General Mining,3.5,4,3,5,4,1
VIN,Transportation Services,4.1,5,4,1,5,4
VIP,Marine Transportation,3.3,1,4,4,4,4
VIR,Hotels,3.8,5,4,1,5,1
VIT,Building Materials & Fixtures,2.8,1,3,5,2,5
VIW,Heavy Construction,2.3,1,4,4,1,2
VIX,Investment Services,3.4,4,4,1,4,2
VJC,Airlines,1.0,1,1,1,1,1
VKC,Tires,4.3,5,4,5,5,1
VKP,Commodity Chemicals,3.5,5,1,5,5,1
VLA,Software,2.0,3,1,1,3,1
VLB,Building Materials & Fixtures,2.6,3,1,2,3,5
VLC,Farming & Fishing,3.4,2,4,3,4,4
VLF,Food Products,2.5,5,1,1,3,1
VLG,Trucking,3.5,1,5,5,3,5
VLP,Waste & Disposal Services,4.5,5,5,5,5,1
VLW,Water,3.0,3,3,1,3,5
VMA,Automobiles,5.0,5,5,5,5,5
VMC,Heavy Construction,3.0,1,4,5,2,5
VMD,Pharmaceuticals,3.3,1,4,5,5,1
VMG,Gas Distribution,2.5,2,3,5,2,1
VMS,Transportation Services,2.8,2,3,4,3,2
VNA,Marine Transportation,3.9,5,3,4,5,1
VNB,Publishing,2.0,2,4,1,1,1
VNC,Business Support Services,3.6,3,3,4,4,5
VND,Investment Services,2.4,4,3,1,1,2
VNE,Heavy Construction,2.3,1,4,5,1,1
VNF,Trucking,4.1,4,4,5,5,2
VNG,Hotels,1.9,1,4,2,1,1
VNH,Farming & Fishing,1.0,1,1,1,1,1
VNI,Real Estate Holding & Development,3.3,5,2,1,5,1
VNL,Trucking,4.6,5,4,5,5,4
VNM,Food Products,1.3,1,1,1,1,3
VNP,Commodity Chemicals,3.9,5,4,4,4,1
VNR,Reinsurance,2.9,1,4,2,3,5
VNS,Travel & Tourism,1.9,1,4,2,1,1
VNT,Trucking,1.6,1,1,5,1,2
VNX,Media Agencies,1.5,1,3,1,1,1
VNY,Specialty Chemicals,3.8,4,4,5,4,1
VOC,Food Products,2.1,1,3,2,1,5
VOS,Marine Transportation,3.8,5,3,3,5,1
VPA,Marine Transportation,3.3,5,1,3,5,1
VPB,Banks,2.9,4,3,,,1
VPC,Heavy Construction,2.3,5,1,3,1,1
VPD,Conventional Electricity,2.6,3,3,1,3,2
VPG,General Mining,4.3,5,4,5,4,3
VPH,Real Estate Holding & Development,4.4,5,5,2,4,5
VPI,Real Estate Holding & Development,1.0,1,1,1,1,1
VPR,Publishing,2.3,4,3,1,1,1
VPS,Specialty Chemicals,3.0,1,4,5,2,5
VPW,Water,3.5,2,4,5,5,1
VQC,Business Support Services,4.1,4,4,5,4,4
VRC,Real Estate Holding & Development,2.0,1,5,1,1,1
VRE,Real Estate Holding & Development,1.5,1,3,1,1,1
VRG,Real Estate Holding & Development,1.4,1,2,1,1,2
VSA,Trucking,4.0,4,4,5,5,1
VSC,Transportation Services,3.1,3,3,2,4,3
VSE,Transportation Services,1.9,1,4,2,1,1
VSF,Food Products,3.4,5,4,5,1,2
VSG,Transportation Services,3.5,5,1,5,5,1
VSH,Conventional Electricity,3.0,4,3,1,3,3
VSI,Heavy Construction,3.3,3,3,3,3,5
VSM,Transportation Services,4.5,5,4,5,5,3
VSN,Food Products,2.1,1,3,4,2,1
VST,Marine Transportation,3.3,5,1,5,4,1
VTA,Building Materials & Fixtures,3.8,5,4,5,3,1
VTB,Electrical Components & Equipment,3.4,2,4,4,3,5
VTC,Telecommunications Equipment,3.4,2,4,5,4,2
VTD,Travel & Tourism,3.0,4,4,3,2,1
VTE,Telecommunications Equipment,2.6,1,4,5,1,4
VTG,Travel & Tourism,2.6,3,3,1,3,2
VTH,Electrical Components & Equipment,2.5,2,4,5,1,1
VTI,Clothing & Accessories,2.3,5,1,3,1,1
VTJ,Tobacco,3.0,5,5,1,1,1
VTK,Business Support Services,2.6,3,3,2,3,1
VTL,Distillers & Vintners,3.1,5,1,2,5,1
VTM,Travel & Tourism,3.0,2,3,5,4,1
VTO,Marine Transportation,4.1,4,4,4,4,5
VTP,Delivery Services,2.5,3,2,5,2,1
VTQ,Commodity Chemicals,1.3,1,2,1,1,1
VTR,Travel & Tourism,2.8,5,1,5,2,1
VTS,Building Materials & Fixtures,3.5,5,3,1,5,1
VTV,Building Materials & Fixtures,3.6,4,5,5,1,4
VTX,Trucking,3.8,5,3,3,5,1
VTZ,Commodity Chemicals,3.5,5,4,5,2,1
VUA,Investment Services,1.1,1,1,1,1,2
VVN,Heavy Construction,2.8,5,1,5,1,3
VVS,Automobiles,3.5,5,1,5,5,1
VW3,Heavy Construction,3.5,3,5,5,3,1
VWS,Water,2.1,1,3,4,2,1
VXB,Building Materials & Fixtures,3.3,5,3,3,3,1
VXP,Specialty Chemicals,2.9,2,3,4,4,1
VXT,Transportation Services,2.1,2,3,4,1,1
WCS,Transportation Services,1.4,1,2,1,1,2
WSB,Brewers,3.8,4,3,3,4,5
WSS,Investment Services,1.8,1,4,1,1,1
WTC,Marine Transportation,4.3,5,4,5,5,1
X20,Clothing & Accessories,4.1,3,4,5,5,4
X26,Clothing & Accessories,4.5,5,5,5,5,1
X77,Building Materials & Fixtures,2.5,5,1,5,1,1
XDH,Real Estate Holding & Development,2.5,3,3,1,3,1
XHC,Furnishings,1.4,1,2,2,1,1
XLV,Heavy Construction,4.0,4,5,5,4,1
XMC,Building Materials & Fixtures,3.3,3,4,5,1,5
XMD,Building Materials & Fixtures,4.3,5,4,5,5,1
XMP,Conventional Electricity,2.0,2,3,1,2,1
XPH,Personal Products,1.9,1,4,2,1,1
YBC,Building Materials & Fixtures,2.8,1,4,5,3,1
YBM,General Mining,3.8,4,5,5,3,1
YEG,Broadcasting & Entertainment,4.4,5,5,4,5,1
YTC,Medical Supplies,1.5,1,1,5,1,1
